reference_site,sequential_site,wildtype_aa,reference_aa,primers_forward_offset-8,primers_reverse_offset-8,primers_forward_offset4,primers_reverse_offset4
18,22,L,L,"['AACNNCATCACCACCACCCAAAGCTACACCAAC', 'AACNNGATCACCACCACCCAAAGCTACACCAAC']","['GTTGGTGTAGCTTTGGGTGGTGGTGATGNNGTT', 'GTTGGTGTAGCTTTGGGTGGTGGTGATCNNGTT']","['GTGATGCCCCTGTTCAACNNCATCACC', 'GTGATGCCCCTGTTCAACNNGATCACC']","['GGTGATGNNGTTGAACAGGGGCATCAC', 'GGTGATCNNGTTGAACAGGGGCATCAC']"
19,23,I,T,"['CTGNNCACCACCACCCAAAGCTACACCAACTTC', 'CTGNNGACCACCACCCAAAGCTACACCAACTTC']","['GAAGTTGGTGTAGCTTTGGGTGGTGGTGNNCAG', 'GAAGTTGGTGTAGCTTTGGGTGGTGGTCNNCAG']","['GCCCCTGTTCAACCTGNNCACCAC', 'TGCCCCTGTTCAACCTGNNGACCAC']","['GTGGTGNNCAGGTTGAACAGGGGC', 'GTGGTCNNCAGGTTGAACAGGGGCA']"
21,25,T,R,"['ACCNNCACCCAAAGCTACACCAACTTCACCAGG', 'ACCNNGACCCAAAGCTACACCAACTTCACCAGG']","['CCTGGTGAAGTTGGTGTAGCTTTGGGTGNNGGT', 'CCTGGTGAAGTTGGTGTAGCTTTGGGTCNNGGT']","['CCTGTTCAACCTGATCACCNNCACCCAAA', 'CCTGTTCAACCTGATCACCNNGACCCAAA']","['TTTGGGTGNNGGTGATCAGGTTGAACAGG', 'TTTGGGTCNNGGTGATCAGGTTGAACAGG']"
22,26,T,T,"['ACCNNCCAAAGCTACACCAACTTCACCAGGGGA', 'ACCNNGCAAAGCTACACCAACTTCACCAGGGGA']","['TCCCCTGGTGAAGTTGGTGTAGCTTTGGNNGGT', 'TCCCCTGGTGAAGTTGGTGTAGCTTTGCNNGGT']","['TTCAACCTGATCACCACCNNCCAAAGCT', 'TTCAACCTGATCACCACCNNGCAAAGC']","['AGCTTTGGNNGGTGGTGATCAGGTTGAA', 'GCTTTGCNNGGTGGTGATCAGGTTGAA']"
27,28,S,A,"['CAANNCTACACCAACTTCACCAGGGGAGTCTAC', 'CAANNGTACACCAACTTCACCAGGGGAGTCTAC']","['GTAGACTCCCCTGGTGAAGTTGGTGTAGNNTTG', 'GTAGACTCCCCTGGTGAAGTTGGTGTACNNTTG']","['CTGATCACCACCACCCAANNCTACACCA', 'CTGATCACCACCACCCAANNGTACACCA']","['TGGTGTAGNNTTGGGTGGTGGTGATCAG', 'TGGTGTACNNTTGGGTGGTGGTGATCAG']"
50,50,L,S,"['CACNNCACCCAGGACCTGTTCCTGCCATTCTTC', 'CACNNGACCCAGGACCTGTTCCTGCCATTCTTC']","['GAAGAATGGCAGGAACAGGTCCTGGGTGNNGTG', 'GAAGAATGGCAGGAACAGGTCCTGGGTCNNGTG']","['GTCCTCTGTGCTGCACNNCACCCA', 'GTCCTCTGTGCTGCACNNGACCCA']","['TGGGTGNNGTGCAGCACAGAGGAC', 'TGGGTCNNGTGCAGCACAGAGGAC']"
59,59,F,F,"['TTCNNCAGCAATGTGACCTGGTTCCATGCCATC', 'TTCNNGAGCAATGTGACCTGGTTCCATGCCATC']","['GATGGCATGGAACCAGGTCACATTGCTGNNGAA', 'GATGGCATGGAACCAGGTCACATTGCTCNNGAA']","['GACCTGTTCCTGCCATTCNNCAGCAATG', 'GACCTGTTCCTGCCATTCNNGAGCAATG']","['CATTGCTGNNGAATGGCAGGAACAGGTC', 'CATTGCTCNNGAATGGCAGGAACAGGTC']"
60,60,S,S,"['TTCNNCAATGTGACCTGGTTCCATGCCATCTCT', 'TTCNNGAATGTGACCTGGTTCCATGCCATCTCT']","['AGAGATGGCATGGAACCAGGTCACATTGNNGAA', 'AGAGATGGCATGGAACCAGGTCACATTCNNGAA']","['CCTGTTCCTGCCATTCTTCNNCAATGTGAC', 'CCTGTTCCTGCCATTCTTCNNGAATGTGAC']","['GTCACATTGNNGAAGAATGGCAGGAACAGG', 'GTCACATTCNNGAAGAATGGCAGGAACAGG']"
67,67,A,A,"['CATNNCATCTCTGGCACCAATGGCACCAAGAGG', 'CATNNGATCTCTGGCACCAATGGCACCAAGAGG']","['CCTCTTGGTGCCATTGGTGCCAGAGATGNNATG', 'CCTCTTGGTGCCATTGGTGCCAGAGATCNNATG']","['GCAATGTGACCTGGTTCCATNNCATCTCTGG', 'GCAATGTGACCTGGTTCCATNNGATCTCTGG']","['CCAGAGATGNNATGGAACCAGGTCACATTGC', 'CCAGAGATCNNATGGAACCAGGTCACATTGC']"
95,93,T,T,"['AGCNNCGAGAAGAGCAACATCATCAGGGGCTGG', 'AGCNNGGAGAAGAGCAACATCATCAGGGGCTGG']","['CCAGCCCCTGATGATGTTGCTCTTCTCGNNGCT', 'CCAGCCCCTGATGATGTTGCTCTTCTCCNNGCT']","['GGAGTCTACTTTGCCAGCNNCGAGAAGA', 'GGAGTCTACTTTGCCAGCNNGGAGAAGA']","['TCTTCTCGNNGCTGGCAAAGTAGACTCC', 'TCTTCTCCNNGCTGGCAAAGTAGACTCC']"
98,96,S,S,"['AAGNNCAACATCATCAGGGGCTGGATTTTTGGC', 'AAGNNGAACATCATCAGGGGCTGGATTTTTGGC']","['GCCAAAAATCCAGCCCCTGATGATGTTGNNCTT', 'GCCAAAAATCCAGCCCCTGATGATGTTCNNCTT']","['CTTTGCCAGCACAGAGAAGNNCAACATCA', 'ACTTTGCCAGCACAGAGAAGNNGAACATCAT']","['TGATGTTGNNCTTCTCTGTGCTGGCAAAG', 'ATGATGTTCNNCTTCTCTGTGCTGGCAAAGT']"
127,125,F,V,"['GTGNNCATTAAGGTGTGTGAGTTCCAGTTCTGT', 'GTGNNGATTAAGGTGTGTGAGTTCCAGTTCTGT']","['ACAGAACTGGAACTCACACACCTTAATGNNCAC', 'ACAGAACTGGAACTCACACACCTTAATCNNCAC']","['TGAACAATGCCACCAATGTGNNCATTAAGGTG', 'GTGAACAATGCCACCAATGTGNNGATTAAGGTG']","['CACCTTAATGNNCACATTGGTGGCATTGTTCA', 'CACCTTAATCNNCACATTGGTGGCATTGTTCAC']"
142,140,D,G,"['CTGNNCGTCTACCACAAGAACAACAAGTCCTGG', 'CTGNNGGTCTACCACAAGAACAACAAGTCCTGG']","['CCAGGACTTGTTGTTCTTGTGGTAGACGNNCAG', 'CCAGGACTTGTTGTTCTTGTGGTAGACCNNCAG']","['CTGTAATGACCCATTCCTGNNCGTCTACCA', 'TCTGTAATGACCCATTCCTGNNGGTCTACCA']","['TGGTAGACGNNCAGGAATGGGTCATTACAG', 'TGGTAGACCNNCAGGAATGGGTCATTACAGA']"
146,143,H,H,"['TACNNCAAGAACAACAAGTCCTGGATGGAGTCT', 'TACNNGAAGAACAACAAGTCCTGGATGGAGTCT']","['AGACTCCATCCAGGACTTGTTGTTCTTGNNGTA', 'AGACTCCATCCAGGACTTGTTGTTCTTCNNGTA']","['CCCATTCCTGGACGTCTACNNCAAGAACAA', 'CCCATTCCTGGACGTCTACNNGAAGAACA']","['TTGTTCTTGNNGTAGACGTCCAGGAATGGG', 'TGTTCTTCNNGTAGACGTCCAGGAATGGG']"
157,154,S,F,"['GAGNNCGGCGTCTACTCCTCTGCCAACAACTGT', 'GAGNNGGGCGTCTACTCCTCTGCCAACAACTGT']","['ACAGTTGTTGGCAGAGGAGTAGACGCCGNNCTC', 'ACAGTTGTTGGCAGAGGAGTAGACGCCCNNCTC']","['CTGGATGGAGTCTGAGNNCGGCGT', 'CCTGGATGGAGTCTGAGNNGGGCGT']","['ACGCCGNNCTCAGACTCCATCCAG', 'ACGCCCNNCTCAGACTCCATCCAGG']"
158,155,G,R,"['AGCNNCGTCTACTCCTCTGCCAACAACTGTACC', 'AGCNNGGTCTACTCCTCTGCCAACAACTGTACC']","['GGTACAGTTGTTGGCAGAGGAGTAGACGNNGCT', 'GGTACAGTTGTTGGCAGAGGAGTAGACCNNGCT']","['TGGATGGAGTCTGAGAGCNNCGTCTACT', 'TGGATGGAGTCTGAGAGCNNGGTCTACT']","['AGTAGACGNNGCTCTCAGACTCCATCCA', 'AGTAGACCNNGCTCTCAGACTCCATCCA']"
181,178,G,G,"['GAGNNCAAGCAGGGCAACTTCAAGAACCTGAGG', 'GAGNNGAAGCAGGGCAACTTCAAGAACCTGAGG']","['CCTCAGGTTCTTGAAGTTGCCCTGCTTGNNCTC', 'CCTCAGGTTCTTGAAGTTGCCCTGCTTCNNCTC']","['TTCCTGATGGACTTGGAGNNCAAGCAGG', 'ATTCCTGATGGACTTGGAGNNGAAGCAGG']","['CCTGCTTGNNCTCCAAGTCCATCAGGAA', 'CCTGCTTCNNCTCCAAGTCCATCAGGAAT']"
182,179,K,K,"['GGCNNCCAGGGCAACTTCAAGAACCTGAGGGAG', 'GGCNNGCAGGGCAACTTCAAGAACCTGAGGGAG']","['CTCCCTCAGGTTCTTGAAGTTGCCCTGGNNGCC', 'CTCCCTCAGGTTCTTGAAGTTGCCCTGCNNGCC']","['GATGGACTTGGAGGGCNNCCAGGG', 'GATGGACTTGGAGGGCNNGCAGGG']","['CCCTGGNNGCCCTCCAAGTCCATC', 'CCCTGCNNGCCCTCCAAGTCCATC']"
183,180,Q,Q,"['AAGNNCGGCAACTTCAAGAACCTGAGGGAGTTT', 'AAGNNGGGCAACTTCAAGAACCTGAGGGAGTTT']","['AAACTCCCTCAGGTTCTTGAAGTTGCCGNNCTT', 'AAACTCCCTCAGGTTCTTGAAGTTGCCCNNCTT']","['GGACTTGGAGGGCAAGNNCGGCA', 'GGACTTGGAGGGCAAGNNGGGCA']","['TGCCGNNCTTGCCCTCCAAGTCC', 'TGCCCNNCTTGCCCTCCAAGTCC']"
190,187,R,R,"['CTGNNCGAGTTTGTGTTCAAGAACATTGATGGC', 'CTGNNGGAGTTTGTGTTCAAGAACATTGATGGC']","['GCCATCAATGTTCTTGAACACAAACTCGNNCAG', 'GCCATCAATGTTCTTGAACACAAACTCCNNCAG']","['GGGCAACTTCAAGAACCTGNNCGAGTTTG', 'GGGCAACTTCAAGAACCTGNNGGAGTTTG']","['CAAACTCGNNCAGGTTCTTGAAGTTGCCC', 'CAAACTCCNNCAGGTTCTTGAAGTTGCCC']"
212,208,I,L,"['ATCNNCGGCAGGGACTTCCCACAGGGCTTCTCT', 'ATCNNGGGCAGGGACTTCCCACAGGGCTTCTCT']","['AGAGAAGCCCTGTGGGAAGTCCCTGCCGNNGAT', 'AGAGAAGCCCTGTGGGAAGTCCCTGCCCNNGAT']","['GCAAACACACACCAATCNNCGGCAGG', 'GCAAACACACACCAATCNNGGGCAGG']","['CCTGCCGNNGATTGGTGTGTGTTTGC', 'CCTGCCCNNGATTGGTGTGTGTTTGC']"
213,209,G,V,"['ATCNNCAGGGACTTCCCACAGGGCTTCTCTGCC', 'ATCNNGAGGGACTTCCCACAGGGCTTCTCTGCC']","['GGCAGAGAAGCCCTGTGGGAAGTCCCTGNNGAT', 'GGCAGAGAAGCCCTGTGGGAAGTCCCTCNNGAT']","['GCAAACACACACCAATCATCNNCAGGGACTT', 'GCAAACACACACCAATCATCNNGAGGGACTT']","['AAGTCCCTGNNGATGATTGGTGTGTGTTTGC', 'AAGTCCCTCNNGATGATTGGTGTGTGTTTGC']"
215,211,D,D,"['AGGNNCTTCCCACAGGGCTTCTCTGCCTTGGAA', 'AGGNNGTTCCCACAGGGCTTCTCTGCCTTGGAA']","['TTCCAAGGCAGAGAAGCCCTGTGGGAAGNNCCT', 'TTCCAAGGCAGAGAAGCCCTGTGGGAACNNCCT']","['CACCAATCATCGGCAGGNNCTTCCC', 'CACCAATCATCGGCAGGNNGTTCCCA']","['GGGAAGNNCCTGCCGATGATTGGTG', 'TGGGAACNNCCTGCCGATGATTGGTG']"
216,212,F,L,"['GACNNCCCACAGGGCTTCTCTGCCTTGGAACCA', 'GACNNGCCACAGGGCTTCTCTGCCTTGGAACCA']","['TGGTTCCAAGGCAGAGAAGCCCTGTGGGNNGTC', 'TGGTTCCAAGGCAGAGAAGCCCTGTGGCNNGTC']","['CAATCATCGGCAGGGACNNCCCACA', 'AATCATCGGCAGGGACNNGCCACA']","['TGTGGGNNGTCCCTGCCGATGATTG', 'TGTGGCNNGTCCCTGCCGATGATT']"
222,218,A,A,"['TCTNNCTTGGAACCACTGGTGGACCTGCCAATT', 'TCTNNGTTGGAACCACTGGTGGACCTGCCAATT']","['AATTGGCAGGTCCACCAGTGGTTCCAAGNNAGA', 'AATTGGCAGGTCCACCAGTGGTTCCAACNNAGA']","['TTCCCACAGGGCTTCTCTNNCTTGGAAC', 'TTCCCACAGGGCTTCTCTNNGTTGGAAC']","['GTTCCAAGNNAGAGAAGCCCTGTGGGAA', 'GTTCCAACNNAGAGAAGCCCTGTGGGAA']"
245,241,N,H,"['CTGNNCAGGTCCTACCTGACACCTGGAGACTCC', 'CTGNNGAGGTCCTACCTGACACCTGGAGACTCC']","['GGAGTCTCCAGGTGTCAGGTAGGACCTGNNCAG', 'GGAGTCTCCAGGTGTCAGGTAGGACCTCNNCAG']","['ACCCTGCTGGCTCTGNNCAGGT', 'GACCCTGCTGGCTCTGNNGAGGTC']","['ACCTGNNCAGAGCCAGCAGGGT', 'GACCTCNNCAGAGCCAGCAGGGTC']"
249,245,L,L,"['TACNNCACACCTGGAGACTCCTCCTCTGGCTGG', 'TACNNGACACCTGGAGACTCCTCCTCTGGCTGG']","['CCAGCCAGAGGAGGAGTCTCCAGGTGTGNNGTA', 'CCAGCCAGAGGAGGAGTCTCCAGGTGTCNNGTA']","['GCTCTGAACAGGTCCTACNNCACACCTG', 'GCTCTGAACAGGTCCTACNNGACACCTG']","['CAGGTGTGNNGTAGGACCTGTTCAGAGC', 'CAGGTGTCNNGTAGGACCTGTTCAGAGC']"
255,251,S,S,"['TCCNNCTCTGGCTGGACAGCAGGAGCAGCAGAC', 'TCCNNGTCTGGCTGGACAGCAGGAGCAGCAGAC']","['GTCTGCTGCTCCTGCTGTCCAGCCAGAGNNGGA', 'GTCTGCTGCTCCTGCTGTCCAGCCAGACNNGGA']","['TGACACCTGGAGACTCCNNCTCTGGC', 'TGACACCTGGAGACTCCNNGTCTGGC']","['GCCAGAGNNGGAGTCTCCAGGTGTCA', 'GCCAGACNNGGAGTCTCCAGGTGTCA']"
264,260,D,A,"['GCANNCTACTATGTGGGCTACCTCCAACCAAGG', 'GCANNGTACTATGTGGGCTACCTCCAACCAAGG']","['CCTTGGTTGGAGGTAGCCCACATAGTAGNNTGC', 'CCTTGGTTGGAGGTAGCCCACATAGTACNNTGC']","['TGGACAGCAGGAGCAGCANNCTACTATG', 'TGGACAGCAGGAGCAGCANNGTACTATG']","['CATAGTAGNNTGCTGCTCCTGCTGTCCA', 'CATAGTACNNTGCTGCTCCTGCTGTCCA']"
323,319,T,T,"['CCANNCGAGAGCATTGTGAGGTTTCCAAACGTG', 'CCANNGGAGAGCATTGTGAGGTTTCCAAACGTG']","['CACGTTTGGAAACCTCACAATGCTCTCGNNTGG', 'CACGTTTGGAAACCTCACAATGCTCTCCNNTGG']","['ACTTCAGGGTCCAACCANNCGAGAGC', 'AACTTCAGGGTCCAACCANNGGAGAGC']","['GCTCTCGNNTGGTTGGACCCTGAAGT', 'GCTCTCCNNTGGTTGGACCCTGAAGTT']"
331,327,N,N,"['CCANNCGTGACCAACCTGTGTCCATTTCACGAG', 'CCANNGGTGACCAACCTGTGTCCATTTCACGAG']","['CTCGTGAAATGGACACAGGTTGGTCACGNNTGG', 'CTCGTGAAATGGACACAGGTTGGTCACCNNTGG']","['AGCATTGTGAGGTTTCCANNCGTGACCA', 'AGCATTGTGAGGTTTCCANNGGTGACCA']","['TGGTCACGNNTGGAAACCTCACAATGCT', 'TGGTCACCNNTGGAAACCTCACAATGCT']"
332,328,V,I,"['AACNNCACCAACCTGTGTCCATTTCACGAGGTG', 'AACNNGACCAACCTGTGTCCATTTCACGAGGTG']","['CACCTCGTGAAATGGACACAGGTTGGTGNNGTT', 'CACCTCGTGAAATGGACACAGGTTGGTCNNGTT']","['GCATTGTGAGGTTTCCAAACNNCACCAACCT', 'GCATTGTGAGGTTTCCAAACNNGACCAACCT']","['AGGTTGGTGNNGTTTGGAAACCTCACAATGC', 'AGGTTGGTCNNGTTTGGAAACCTCACAATGC']"
333,329,T,T,"['GTGNNCAACCTGTGTCCATTTCACGAGGTGTTC', 'GTGNNGAACCTGTGTCCATTTCACGAGGTGTTC']","['GAACACCTCGTGAAATGGACACAGGTTGNNCAC', 'GAACACCTCGTGAAATGGACACAGGTTCNNCAC']","['GTGAGGTTTCCAAACGTGNNCAACCTGT', 'TGTGAGGTTTCCAAACGTGNNGAACCTGT']","['ACAGGTTGNNCACGTTTGGAAACCTCAC', 'ACAGGTTCNNCACGTTTGGAAACCTCACA']"
334,330,N,N,"['ACCNNCCTGTGTCCATTTCACGAGGTGTTCAAT', 'ACCNNGCTGTGTCCATTTCACGAGGTGTTCAAT']","['ATTGAACACCTCGTGAAATGGACACAGGNNGGT', 'ATTGAACACCTCGTGAAATGGACACAGCNNGGT']","['AGGTTTCCAAACGTGACCNNCCTGTGT', 'GGTTTCCAAACGTGACCNNGCTGTGT']","['ACACAGGNNGGTCACGTTTGGAAACCT', 'ACACAGCNNGGTCACGTTTGGAAACC']"
335,331,L,L,"['AACNNCTGTCCATTTCACGAGGTGTTCAATGCC', 'AACNNGTGTCCATTTCACGAGGTGTTCAATGCC']","['GGCATTGAACACCTCGTGAAATGGACAGNNGTT', 'GGCATTGAACACCTCGTGAAATGGACACNNGTT']","['GTTTCCAAACGTGACCAACNNCTGTCCATT', 'GTTTCCAAACGTGACCAACNNGTGTCCAT']","['AATGGACAGNNGTTGGTCACGTTTGGAAAC', 'ATGGACACNNGTTGGTCACGTTTGGAAAC']"
336,332,C,C,"['CTGNNCCCATTTCACGAGGTGTTCAATGCCACC', 'CTGNNGCCATTTCACGAGGTGTTCAATGCCACC']","['GGTGGCATTGAACACCTCGTGAAATGGGNNCAG', 'GGTGGCATTGAACACCTCGTGAAATGGCNNCAG']","['CCAAACGTGACCAACCTGNNCCCATTT', 'CCAAACGTGACCAACCTGNNGCCATTT']","['AAATGGGNNCAGGTTGGTCACGTTTGG', 'AAATGGCNNCAGGTTGGTCACGTTTGG']"
337,333,P,P,"['TGTNNCTTTCACGAGGTGTTCAATGCCACCAGG', 'TGTNNGTTTCACGAGGTGTTCAATGCCACCAGG']","['CCTGGTGGCATTGAACACCTCGTGAAAGNNACA', 'CCTGGTGGCATTGAACACCTCGTGAAACNNACA']","['AAACGTGACCAACCTGTGTNNCTTTCACG', 'AACGTGACCAACCTGTGTNNGTTTCACG']","['CGTGAAAGNNACACAGGTTGGTCACGTTT', 'CGTGAAACNNACACAGGTTGGTCACGTT']"
338,334,F,F,"['CCANNCCACGAGGTGTTCAATGCCACCAGGTTT', 'CCANNGCACGAGGTGTTCAATGCCACCAGGTTT']","['AAACCTGGTGGCATTGAACACCTCGTGGNNTGG', 'AAACCTGGTGGCATTGAACACCTCGTGCNNTGG']","['TGACCAACCTGTGTCCANNCCACGAG', 'TGACCAACCTGTGTCCANNGCACGA']","['CTCGTGGNNTGGACACAGGTTGGTCA', 'TCGTGCNNTGGACACAGGTTGGTCA']"
339,335,H,G,"['TTTNNCGAGGTGTTCAATGCCACCAGGTTTGCC', 'TTTNNGGAGGTGTTCAATGCCACCAGGTTTGCC']","['GGCAAACCTGGTGGCATTGAACACCTCGNNAAA', 'GGCAAACCTGGTGGCATTGAACACCTCCNNAAA']","['ACCAACCTGTGTCCATTTNNCGAGGTGT', 'ACCAACCTGTGTCCATTTNNGGAGGTGT']","['ACACCTCGNNAAATGGACACAGGTTGGT', 'ACACCTCCNNAAATGGACACAGGTTGGT']"
340,336,E,E,"['CACNNCGTGTTCAATGCCACCAGGTTTGCCTCT', 'CACNNGGTGTTCAATGCCACCAGGTTTGCCTCT']","['AGAGGCAAACCTGGTGGCATTGAACACGNNGTG', 'AGAGGCAAACCTGGTGGCATTGAACACCNNGTG']","['CAACCTGTGTCCATTTCACNNCGTGTTCAA', 'CAACCTGTGTCCATTTCACNNGGTGTTCAA']","['TTGAACACGNNGTGAAATGGACACAGGTTG', 'TTGAACACCNNGTGAAATGGACACAGGTTG']"
341,337,V,V,"['GAGNNCTTCAATGCCACCAGGTTTGCCTCTGTC', 'GAGNNGTTCAATGCCACCAGGTTTGCCTCTGTC']","['GACAGAGGCAAACCTGGTGGCATTGAAGNNCTC', 'GACAGAGGCAAACCTGGTGGCATTGAACNNCTC']","['CCTGTGTCCATTTCACGAGNNCTTCAATGC', 'CCTGTGTCCATTTCACGAGNNGTTCAATGC']","['GCATTGAAGNNCTCGTGAAATGGACACAGG', 'GCATTGAACNNCTCGTGAAATGGACACAGG']"
342,338,F,F,"['GTGNNCAATGCCACCAGGTTTGCCTCTGTCTAT', 'GTGNNGAATGCCACCAGGTTTGCCTCTGTCTAT']","['ATAGACAGAGGCAAACCTGGTGGCATTGNNCAC', 'ATAGACAGAGGCAAACCTGGTGGCATTCNNCAC']","['TGTCCATTTCACGAGGTGNNCAATGCC', 'TGTCCATTTCACGAGGTGNNGAATGCCA']","['GGCATTGNNCACCTCGTGAAATGGACA', 'TGGCATTCNNCACCTCGTGAAATGGACA']"
343,339,N,N,"['TTCNNCGCCACCAGGTTTGCCTCTGTCTATGCC', 'TTCNNGGCCACCAGGTTTGCCTCTGTCTATGCC']","['GGCATAGACAGAGGCAAACCTGGTGGCGNNGAA', 'GGCATAGACAGAGGCAAACCTGGTGGCCNNGAA']","['CATTTCACGAGGTGTTCNNCGCCACC', 'CATTTCACGAGGTGTTCNNGGCCACC']","['GGTGGCGNNGAACACCTCGTGAAATG', 'GGTGGCCNNGAACACCTCGTGAAATG']"
344,340,A,A,"['AATNNCACCAGGTTTGCCTCTGTCTATGCCTGG', 'AATNNGACCAGGTTTGCCTCTGTCTATGCCTGG']","['CCAGGCATAGACAGAGGCAAACCTGGTGNNATT', 'CCAGGCATAGACAGAGGCAAACCTGGTCNNATT']","['CCATTTCACGAGGTGTTCAATNNCACCAGGTTT', 'CCATTTCACGAGGTGTTCAATNNGACCAGGTTT']","['AAACCTGGTGNNATTGAACACCTCGTGAAATGG', 'AAACCTGGTCNNATTGAACACCTCGTGAAATGG']"
345,341,T,T,"['GCCNNCAGGTTTGCCTCTGTCTATGCCTGGAAC', 'GCCNNGAGGTTTGCCTCTGTCTATGCCTGGAAC']","['GTTCCAGGCATAGACAGAGGCAAACCTGNNGGC', 'GTTCCAGGCATAGACAGAGGCAAACCTCNNGGC']","['CACGAGGTGTTCAATGCCNNCAGGTTTG', 'CACGAGGTGTTCAATGCCNNGAGGTTTG']","['CAAACCTGNNGGCATTGAACACCTCGTG', 'CAAACCTCNNGGCATTGAACACCTCGTG']"
346,342,R,R,"['ACCNNCTTTGCCTCTGTCTATGCCTGGAACAGG', 'ACCNNGTTTGCCTCTGTCTATGCCTGGAACAGG']","['CCTGTTCCAGGCATAGACAGAGGCAAAGNNGGT', 'CCTGTTCCAGGCATAGACAGAGGCAAACNNGGT']","['AGGTGTTCAATGCCACCNNCTTTGCC', 'AGGTGTTCAATGCCACCNNGTTTGCC']","['GGCAAAGNNGGTGGCATTGAACACCT', 'GGCAAACNNGGTGGCATTGAACACCT']"
347,343,F,F,"['AGGNNCGCCTCTGTCTATGCCTGGAACAGGACC', 'AGGNNGGCCTCTGTCTATGCCTGGAACAGGACC']","['GGTCCTGTTCCAGGCATAGACAGAGGCGNNCCT', 'GGTCCTGTTCCAGGCATAGACAGAGGCCNNCCT']","['GTTCAATGCCACCAGGNNCGCCT', 'TGTTCAATGCCACCAGGNNGGCCTC']","['AGGCGNNCCTGGTGGCATTGAAC', 'GAGGCCNNCCTGGTGGCATTGAACA']"
348,344,A,A,"['TTTNNCTCTGTCTATGCCTGGAACAGGACCAGG', 'TTTNNGTCTGTCTATGCCTGGAACAGGACCAGG']","['CCTGGTCCTGTTCCAGGCATAGACAGAGNNAAA', 'CCTGGTCCTGTTCCAGGCATAGACAGACNNAAA']","['GTGTTCAATGCCACCAGGTTTNNCTCTGTCTAT', 'TGTTCAATGCCACCAGGTTTNNGTCTGTCTA']","['ATAGACAGAGNNAAACCTGGTGGCATTGAACAC', 'TAGACAGACNNAAACCTGGTGGCATTGAACA']"
349,345,S,S,"['GCCNNCGTCTATGCCTGGAACAGGACCAGGATT', 'GCCNNGGTCTATGCCTGGAACAGGACCAGGATT']","['AATCCTGGTCCTGTTCCAGGCATAGACGNNGGC', 'AATCCTGGTCCTGTTCCAGGCATAGACCNNGGC']","['TGCCACCAGGTTTGCCNNCGTCT', 'TGCCACCAGGTTTGCCNNGGTCT']","['AGACGNNGGCAAACCTGGTGGCA', 'AGACCNNGGCAAACCTGGTGGCA']"
350,346,V,V,"['TCTNNCTATGCCTGGAACAGGACCAGGATTAGC', 'TCTNNGTATGCCTGGAACAGGACCAGGATTAGC']","['GCTAATCCTGGTCCTGTTCCAGGCATAGNNAGA', 'GCTAATCCTGGTCCTGTTCCAGGCATACNNAGA']","['GCCACCAGGTTTGCCTCTNNCTATGCC', 'GCCACCAGGTTTGCCTCTNNGTATGCC']","['GGCATAGNNAGAGGCAAACCTGGTGGC', 'GGCATACNNAGAGGCAAACCTGGTGGC']"
351,347,Y,Y,"['GTCNNCGCCTGGAACAGGACCAGGATTAGCAAC', 'GTCNNGGCCTGGAACAGGACCAGGATTAGCAAC']","['GTTGCTAATCCTGGTCCTGTTCCAGGCGNNGAC', 'GTTGCTAATCCTGGTCCTGTTCCAGGCCNNGAC']","['CCAGGTTTGCCTCTGTCNNCGCCTG', 'CCAGGTTTGCCTCTGTCNNGGCCTG']","['CAGGCGNNGACAGAGGCAAACCTGG', 'CAGGCCNNGACAGAGGCAAACCTGG']"
352,348,A,A,"['TATNNCTGGAACAGGACCAGGATTAGCAACTGT', 'TATNNGTGGAACAGGACCAGGATTAGCAACTGT']","['ACAGTTGCTAATCCTGGTCCTGTTCCAGNNATA', 'ACAGTTGCTAATCCTGGTCCTGTTCCACNNATA']","['CCAGGTTTGCCTCTGTCTATNNCTGGAACAG', 'CCAGGTTTGCCTCTGTCTATNNGTGGAACAG']","['CTGTTCCAGNNATAGACAGAGGCAAACCTGG', 'CTGTTCCACNNATAGACAGAGGCAAACCTGG']"
353,349,W,W,"['GCCNNCAACAGGACCAGGATTAGCAACTGTGTG', 'GCCNNGAACAGGACCAGGATTAGCAACTGTGTG']","['CACACAGTTGCTAATCCTGGTCCTGTTGNNGGC', 'CACACAGTTGCTAATCCTGGTCCTGTTCNNGGC']","['GTTTGCCTCTGTCTATGCCNNCAACAGGA', 'GTTTGCCTCTGTCTATGCCNNGAACAGGA']","['TCCTGTTGNNGGCATAGACAGAGGCAAAC', 'TCCTGTTCNNGGCATAGACAGAGGCAAAC']"
354,350,N,N,"['TGGNNCAGGACCAGGATTAGCAACTGTGTGGCT', 'TGGNNGAGGACCAGGATTAGCAACTGTGTGGCT']","['AGCCACACAGTTGCTAATCCTGGTCCTGNNCCA', 'AGCCACACAGTTGCTAATCCTGGTCCTCNNCCA']","['CCTCTGTCTATGCCTGGNNCAGGACC', 'GCCTCTGTCTATGCCTGGNNGAGGACC']","['GGTCCTGNNCCAGGCATAGACAGAGG', 'GGTCCTCNNCCAGGCATAGACAGAGGC']"
355,351,R,R,"['AACNNCACCAGGATTAGCAACTGTGTGGCTGAC', 'AACNNGACCAGGATTAGCAACTGTGTGGCTGAC']","['GTCAGCCACACAGTTGCTAATCCTGGTGNNGTT', 'GTCAGCCACACAGTTGCTAATCCTGGTCNNGTT']","['TCTGTCTATGCCTGGAACNNCACCAGGA', 'TCTGTCTATGCCTGGAACNNGACCAGGA']","['TCCTGGTGNNGTTCCAGGCATAGACAGA', 'TCCTGGTCNNGTTCCAGGCATAGACAGA']"
356,352,T,K,"['AGGNNCAGGATTAGCAACTGTGTGGCTGACTAC', 'AGGNNGAGGATTAGCAACTGTGTGGCTGACTAC']","['GTAGTCAGCCACACAGTTGCTAATCCTGNNCCT', 'GTAGTCAGCCACACAGTTGCTAATCCTCNNCCT']","['CTGTCTATGCCTGGAACAGGNNCAGGATTAG', 'CTGTCTATGCCTGGAACAGGNNGAGGATTAGC']","['CTAATCCTGNNCCTGTTCCAGGCATAGACAG', 'GCTAATCCTCNNCCTGTTCCAGGCATAGACAG']"
357,353,R,R,"['ACCNNCATTAGCAACTGTGTGGCTGACTACTCT', 'ACCNNGATTAGCAACTGTGTGGCTGACTACTCT']","['AGAGTAGTCAGCCACACAGTTGCTAATGNNGGT', 'AGAGTAGTCAGCCACACAGTTGCTAATCNNGGT']","['CTATGCCTGGAACAGGACCNNCATTAGCA', 'CTATGCCTGGAACAGGACCNNGATTAGCA']","['TGCTAATGNNGGTCCTGTTCCAGGCATAG', 'TGCTAATCNNGGTCCTGTTCCAGGCATAG']"
358,354,I,I,"['AGGNNCAGCAACTGTGTGGCTGACTACTCTGTG', 'AGGNNGAGCAACTGTGTGGCTGACTACTCTGTG']","['CACAGAGTAGTCAGCCACACAGTTGCTGNNCCT', 'CACAGAGTAGTCAGCCACACAGTTGCTCNNCCT']","['CCTGGAACAGGACCAGGNNCAGCAA', 'CCTGGAACAGGACCAGGNNGAGCAA']","['TTGCTGNNCCTGGTCCTGTTCCAGG', 'TTGCTCNNCCTGGTCCTGTTCCAGG']"
359,355,S,S,"['ATTNNCAACTGTGTGGCTGACTACTCTGTGCTC', 'ATTNNGAACTGTGTGGCTGACTACTCTGTGCTC']","['GAGCACAGAGTAGTCAGCCACACAGTTGNNAAT', 'GAGCACAGAGTAGTCAGCCACACAGTTCNNAAT']","['CTGGAACAGGACCAGGATTNNCAACTGTGT', 'CTGGAACAGGACCAGGATTNNGAACTGTGT']","['ACACAGTTGNNAATCCTGGTCCTGTTCCAG', 'ACACAGTTCNNAATCCTGGTCCTGTTCCAG']"
360,356,N,N,"['AGCNNCTGTGTGGCTGACTACTCTGTGCTCTAC', 'AGCNNGTGTGTGGCTGACTACTCTGTGCTCTAC']","['GTAGAGCACAGAGTAGTCAGCCACACAGNNGCT', 'GTAGAGCACAGAGTAGTCAGCCACACACNNGCT']","['AACAGGACCAGGATTAGCNNCTGTGTGG', 'AACAGGACCAGGATTAGCNNGTGTGTGG']","['CCACACAGNNGCTAATCCTGGTCCTGTT', 'CCACACACNNGCTAATCCTGGTCCTGTT']"
361,357,C,C,"['AACNNCGTGGCTGACTACTCTGTGCTCTACAAC', 'AACNNGGTGGCTGACTACTCTGTGCTCTACAAC']","['GTTGTAGAGCACAGAGTAGTCAGCCACGNNGTT', 'GTTGTAGAGCACAGAGTAGTCAGCCACCNNGTT']","['GGACCAGGATTAGCAACNNCGTGGCT', 'GGACCAGGATTAGCAACNNGGTGGCT']","['AGCCACGNNGTTGCTAATCCTGGTCC', 'AGCCACCNNGTTGCTAATCCTGGTCC']"
362,358,V,V,"['TGTNNCGCTGACTACTCTGTGCTCTACAACTTC', 'TGTNNGGCTGACTACTCTGTGCTCTACAACTTC']","['GAAGTTGTAGAGCACAGAGTAGTCAGCGNNACA', 'GAAGTTGTAGAGCACAGAGTAGTCAGCCNNACA']","['GACCAGGATTAGCAACTGTNNCGCTGACT', 'GACCAGGATTAGCAACTGTNNGGCTGACT']","['AGTCAGCGNNACAGTTGCTAATCCTGGTC', 'AGTCAGCCNNACAGTTGCTAATCCTGGTC']"
363,359,A,A,"['GTGNNCGACTACTCTGTGCTCTACAACTTCGCC', 'GTGNNGGACTACTCTGTGCTCTACAACTTCGCC']","['GGCGAAGTTGTAGAGCACAGAGTAGTCGNNCAC', 'GGCGAAGTTGTAGAGCACAGAGTAGTCCNNCAC']","['CCAGGATTAGCAACTGTGTGNNCGACTACTC', 'CCAGGATTAGCAACTGTGTGNNGGACTACTC']","['GAGTAGTCGNNCACACAGTTGCTAATCCTGG', 'GAGTAGTCCNNCACACAGTTGCTAATCCTGG']"
364,360,D,D,"['GCTNNCTACTCTGTGCTCTACAACTTCGCCCCC', 'GCTNNGTACTCTGTGCTCTACAACTTCGCCCCC']","['GGGGGCGAAGTTGTAGAGCACAGAGTAGNNAGC', 'GGGGGCGAAGTTGTAGAGCACAGAGTACNNAGC']","['GGATTAGCAACTGTGTGGCTNNCTACTCTGT', 'GGATTAGCAACTGTGTGGCTNNGTACTCTGT']","['ACAGAGTAGNNAGCCACACAGTTGCTAATCC', 'ACAGAGTACNNAGCCACACAGTTGCTAATCC']"
365,361,Y,Y,"['GACNNCTCTGTGCTCTACAACTTCGCCCCCTTC', 'GACNNGTCTGTGCTCTACAACTTCGCCCCCTTC']","['GAAGGGGGCGAAGTTGTAGAGCACAGAGNNGTC', 'GAAGGGGGCGAAGTTGTAGAGCACAGACNNGTC']","['GCAACTGTGTGGCTGACNNCTCTGTG', 'GCAACTGTGTGGCTGACNNGTCTGTG']","['CACAGAGNNGTCAGCCACACAGTTGC', 'CACAGACNNGTCAGCCACACAGTTGC']"
366,362,S,S,"['TACNNCGTGCTCTACAACTTCGCCCCCTTCTTC', 'TACNNGGTGCTCTACAACTTCGCCCCCTTCTTC']","['GAAGAAGGGGGCGAAGTTGTAGAGCACGNNGTA', 'GAAGAAGGGGGCGAAGTTGTAGAGCACCNNGTA']","['ACTGTGTGGCTGACTACNNCGTGCT', 'ACTGTGTGGCTGACTACNNGGTGCT']","['AGCACGNNGTAGTCAGCCACACAGT', 'AGCACCNNGTAGTCAGCCACACAGT']"
367,363,V,V,"['TCTNNCCTCTACAACTTCGCCCCCTTCTTCGCC', 'TCTNNGCTCTACAACTTCGCCCCCTTCTTCGCC']","['GGCGAAGAAGGGGGCGAAGTTGTAGAGGNNAGA', 'GGCGAAGAAGGGGGCGAAGTTGTAGAGCNNAGA']","['ACTGTGTGGCTGACTACTCTNNCCTCTACAA', 'ACTGTGTGGCTGACTACTCTNNGCTCTACAA']","['TTGTAGAGGNNAGAGTAGTCAGCCACACAGT', 'TTGTAGAGCNNAGAGTAGTCAGCCACACAGT']"
368,364,L,L,"['GTGNNCTACAACTTCGCCCCCTTCTTCGCCTTC', 'GTGNNGTACAACTTCGCCCCCTTCTTCGCCTTC']","['GAAGGCGAAGAAGGGGGCGAAGTTGTAGNNCAC', 'GAAGGCGAAGAAGGGGGCGAAGTTGTACNNCAC']","['GTGTGGCTGACTACTCTGTGNNCTACAACTT', 'GTGTGGCTGACTACTCTGTGNNGTACAACTT']","['AAGTTGTAGNNCACAGAGTAGTCAGCCACAC', 'AAGTTGTACNNCACAGAGTAGTCAGCCACAC']"
369,365,Y,Y,"['CTCNNCAACTTCGCCCCCTTCTTCGCCTTCAAG', 'CTCNNGAACTTCGCCCCCTTCTTCGCCTTCAAG']","['CTTGAAGGCGAAGAAGGGGGCGAAGTTGNNGAG', 'CTTGAAGGCGAAGAAGGGGGCGAAGTTCNNGAG']","['GGCTGACTACTCTGTGCTCNNCAACTTCG', 'GGCTGACTACTCTGTGCTCNNGAACTTCG']","['CGAAGTTGNNGAGCACAGAGTAGTCAGCC', 'CGAAGTTCNNGAGCACAGAGTAGTCAGCC']"
370,366,N,N,"['TACNNCTTCGCCCCCTTCTTCGCCTTCAAGTGT', 'TACNNGTTCGCCCCCTTCTTCGCCTTCAAGTGT']","['ACACTTGAAGGCGAAGAAGGGGGCGAAGNNGTA', 'ACACTTGAAGGCGAAGAAGGGGGCGAACNNGTA']","['GACTACTCTGTGCTCTACNNCTTCGCCC', 'GACTACTCTGTGCTCTACNNGTTCGCCC']","['GGGCGAAGNNGTAGAGCACAGAGTAGTC', 'GGGCGAACNNGTAGAGCACAGAGTAGTC']"
371,367,F,S,"['AACNNCGCCCCCTTCTTCGCCTTCAAGTGTTAT', 'AACNNGGCCCCCTTCTTCGCCTTCAAGTGTTAT']","['ATAACACTTGAAGGCGAAGAAGGGGGCGNNGTT', 'ATAACACTTGAAGGCGAAGAAGGGGGCCNNGTT']","['ACTCTGTGCTCTACAACNNCGCCCC', 'ACTCTGTGCTCTACAACNNGGCCCC']","['GGGGCGNNGTTGTAGAGCACAGAGT', 'GGGGCCNNGTTGTAGAGCACAGAGT']"
372,368,A,A,"['TTCNNCCCCTTCTTCGCCTTCAAGTGTTATGGA', 'TTCNNGCCCTTCTTCGCCTTCAAGTGTTATGGA']","['TCCATAACACTTGAAGGCGAAGAAGGGGNNGAA', 'TCCATAACACTTGAAGGCGAAGAAGGGCNNGAA']","['ACTCTGTGCTCTACAACTTCNNCCCCTTCTT', 'CTCTGTGCTCTACAACTTCNNGCCCTTCT']","['AAGAAGGGGNNGAAGTTGTAGAGCACAGAGT', 'AGAAGGGCNNGAAGTTGTAGAGCACAGAG']"
373,369,P,S,"['GCCNNCTTCTTCGCCTTCAAGTGTTATGGAGTG', 'GCCNNGTTCTTCGCCTTCAAGTGTTATGGAGTG']","['CACTCCATAACACTTGAAGGCGAAGAAGNNGGC', 'CACTCCATAACACTTGAAGGCGAAGAACNNGGC']","['TGTGCTCTACAACTTCGCCNNCTTCTTCG', 'GTGCTCTACAACTTCGCCNNGTTCTTCG']","['CGAAGAAGNNGGCGAAGTTGTAGAGCACA', 'CGAAGAACNNGGCGAAGTTGTAGAGCAC']"
374,370,F,F,"['CCCNNCTTCGCCTTCAAGTGTTATGGAGTGAGC', 'CCCNNGTTCGCCTTCAAGTGTTATGGAGTGAGC']","['GCTCACTCCATAACACTTGAAGGCGAAGNNGGG', 'GCTCACTCCATAACACTTGAAGGCGAACNNGGG']","['TCTACAACTTCGCCCCCNNCTTCGC', 'CTACAACTTCGCCCCCNNGTTCGC']","['GCGAAGNNGGGGGCGAAGTTGTAGA', 'GCGAACNNGGGGGCGAAGTTGTAG']"
375,371,F,S,"['TTCNNCGCCTTCAAGTGTTATGGAGTGAGCCCA', 'TTCNNGGCCTTCAAGTGTTATGGAGTGAGCCCA']","['TGGGCTCACTCCATAACACTTGAAGGCGNNGAA', 'TGGGCTCACTCCATAACACTTGAAGGCCNNGAA']","['AACTTCGCCCCCTTCNNCGCCT', 'AACTTCGCCCCCTTCNNGGCCT']","['AGGCGNNGAAGGGGGCGAAGTT', 'AGGCCNNGAAGGGGGCGAAGTT']"
376,372,A,T,"['TTCNNCTTCAAGTGTTATGGAGTGAGCCCAACC', 'TTCNNGTTCAAGTGTTATGGAGTGAGCCCAACC']","['GGTTGGGCTCACTCCATAACACTTGAAGNNGAA', 'GGTTGGGCTCACTCCATAACACTTGAACNNGAA']","['AACTTCGCCCCCTTCTTCNNCTTCAAGT', 'AACTTCGCCCCCTTCTTCNNGTTCAAGT']","['ACTTGAAGNNGAAGAAGGGGGCGAAGTT', 'ACTTGAACNNGAAGAAGGGGGCGAAGTT']"
377,373,F,F,"['GCCNNCAAGTGTTATGGAGTGAGCCCAACCAAA', 'GCCNNGAAGTGTTATGGAGTGAGCCCAACCAAA']","['TTTGGTTGGGCTCACTCCATAACACTTGNNGGC', 'TTTGGTTGGGCTCACTCCATAACACTTCNNGGC']","['CGCCCCCTTCTTCGCCNNCAAGT', 'CGCCCCCTTCTTCGCCNNGAAGT']","['ACTTGNNGGCGAAGAAGGGGGCG', 'ACTTCNNGGCGAAGAAGGGGGCG']"
378,374,K,K,"['TTCNNCTGTTATGGAGTGAGCCCAACCAAACTG', 'TTCNNGTGTTATGGAGTGAGCCCAACCAAACTG']","['CAGTTTGGTTGGGCTCACTCCATAACAGNNGAA', 'CAGTTTGGTTGGGCTCACTCCATAACACNNGAA']","['GCCCCCTTCTTCGCCTTCNNCTGTTAT', 'GCCCCCTTCTTCGCCTTCNNGTGTTAT']","['ATAACAGNNGAAGGCGAAGAAGGGGGC', 'ATAACACNNGAAGGCGAAGAAGGGGGC']"
379,375,C,C,"['AAGNNCTATGGAGTGAGCCCAACCAAACTGAAT', 'AAGNNGTATGGAGTGAGCCCAACCAAACTGAAT']","['ATTCAGTTTGGTTGGGCTCACTCCATAGNNCTT', 'ATTCAGTTTGGTTGGGCTCACTCCATACNNCTT']","['CCCCTTCTTCGCCTTCAAGNNCTATGGAG', 'CCCCTTCTTCGCCTTCAAGNNGTATGGAG']","['CTCCATAGNNCTTGAAGGCGAAGAAGGGG', 'CTCCATACNNCTTGAAGGCGAAGAAGGGG']"
380,376,Y,Y,"['TGTNNCGGAGTGAGCCCAACCAAACTGAATGAC', 'TGTNNGGGAGTGAGCCCAACCAAACTGAATGAC']","['GTCATTCAGTTTGGTTGGGCTCACTCCGNNACA', 'GTCATTCAGTTTGGTTGGGCTCACTCCCNNACA']","['TTCTTCGCCTTCAAGTGTNNCGGAGTGA', 'TTCTTCGCCTTCAAGTGTNNGGGAGTGA']","['TCACTCCGNNACACTTGAAGGCGAAGAA', 'TCACTCCCNNACACTTGAAGGCGAAGAA']"
381,377,G,G,"['TATNNCGTGAGCCCAACCAAACTGAATGACCTG', 'TATNNGGTGAGCCCAACCAAACTGAATGACCTG']","['CAGGTCATTCAGTTTGGTTGGGCTCACGNNATA', 'CAGGTCATTCAGTTTGGTTGGGCTCACCNNATA']","['CTTCGCCTTCAAGTGTTATNNCGTGAGCC', 'CTTCGCCTTCAAGTGTTATNNGGTGAGCC']","['GGCTCACGNNATAACACTTGAAGGCGAAG', 'GGCTCACCNNATAACACTTGAAGGCGAAG']"
382,378,V,V,"['GGANNCAGCCCAACCAAACTGAATGACCTGTGT', 'GGANNGAGCCCAACCAAACTGAATGACCTGTGT']","['ACACAGGTCATTCAGTTTGGTTGGGCTGNNTCC', 'ACACAGGTCATTCAGTTTGGTTGGGCTCNNTCC']","['CGCCTTCAAGTGTTATGGANNCAGCCCAA', 'CGCCTTCAAGTGTTATGGANNGAGCCCAA']","['TTGGGCTGNNTCCATAACACTTGAAGGCG', 'TTGGGCTCNNTCCATAACACTTGAAGGCG']"
383,379,S,S,"['GTGNNCCCAACCAAACTGAATGACCTGTGTTTC', 'GTGNNGCCAACCAAACTGAATGACCTGTGTTTC']","['GAAACACAGGTCATTCAGTTTGGTTGGGNNCAC', 'GAAACACAGGTCATTCAGTTTGGTTGGCNNCAC']","['CCTTCAAGTGTTATGGAGTGNNCCCAACCAA', 'CCTTCAAGTGTTATGGAGTGNNGCCAACCAA']","['TTGGTTGGGNNCACTCCATAACACTTGAAGG', 'TTGGTTGGCNNCACTCCATAACACTTGAAGG']"
384,380,P,P,"['AGCNNCACCAAACTGAATGACCTGTGTTTCACC', 'AGCNNGACCAAACTGAATGACCTGTGTTTCACC']","['GGTGAAACACAGGTCATTCAGTTTGGTGNNGCT', 'GGTGAAACACAGGTCATTCAGTTTGGTCNNGCT']","['TCAAGTGTTATGGAGTGAGCNNCACCAAACT', 'TCAAGTGTTATGGAGTGAGCNNGACCAAACT']","['AGTTTGGTGNNGCTCACTCCATAACACTTGA', 'AGTTTGGTCNNGCTCACTCCATAACACTTGA']"
385,381,T,T,"['CCANNCAAACTGAATGACCTGTGTTTCACCAAT', 'CCANNGAAACTGAATGACCTGTGTTTCACCAATG']","['ATTGGTGAAACACAGGTCATTCAGTTTGNNTGG', 'CATTGGTGAAACACAGGTCATTCAGTTTCNNTGG']","['AGTGTTATGGAGTGAGCCCANNCAAACTGAA', 'AAGTGTTATGGAGTGAGCCCANNGAAACTGAATG']","['TTCAGTTTGNNTGGGCTCACTCCATAACACT', 'CATTCAGTTTCNNTGGGCTCACTCCATAACACTT']"
386,382,K,K,"['ACCNNCCTGAATGACCTGTGTTTCACCAATGTC', 'ACCNNGCTGAATGACCTGTGTTTCACCAATGTC']","['GACATTGGTGAAACACAGGTCATTCAGGNNGGT', 'GACATTGGTGAAACACAGGTCATTCAGCNNGGT']","['TATGGAGTGAGCCCAACCNNCCTGAATG', 'TGGAGTGAGCCCAACCNNGCTGA']","['CATTCAGGNNGGTTGGGCTCACTCCATA', 'TCAGCNNGGTTGGGCTCACTCCA']"
387,383,L,L,"['CAAANNCAATGACCTGTGTTTCACCAATGTCTATGC', 'CAAANNGAATGACCTGTGTTTCACCAATGTCTATGC']","['GCATAGACATTGGTGAAACACAGGTCATTGNNTTTG', 'GCATAGACATTGGTGAAACACAGGTCATTCNNTTTG']","['GGAGTGAGCCCAACCAAANNCAATGACC', 'TGGAGTGAGCCCAACCAAANNGAATGACC']","['GGTCATTGNNTTTGGTTGGGCTCACTCC', 'GGTCATTCNNTTTGGTTGGGCTCACTCCA']"
388,384,N,N,"['CTGNNCGACCTGTGTTTCACCAATGTCTATGCT', 'CTGNNGGACCTGTGTTTCACCAATGTCTATGCT']","['AGCATAGACATTGGTGAAACACAGGTCGNNCAG', 'AGCATAGACATTGGTGAAACACAGGTCCNNCAG']","['TGAGCCCAACCAAACTGNNCGACCT', 'TGAGCCCAACCAAACTGNNGGACCTG']","['AGGTCGNNCAGTTTGGTTGGGCTCA', 'CAGGTCCNNCAGTTTGGTTGGGCTCA']"
389,385,D,D,"['AATNNCCTGTGTTTCACCAATGTCTATGCTGACT', 'AATNNGCTGTGTTTCACCAATGTCTATGCTGAC']","['AGTCAGCATAGACATTGGTGAAACACAGGNNATT', 'GTCAGCATAGACATTGGTGAAACACAGCNNATT']","['TGAGCCCAACCAAACTGAATNNCCTGTGTTT', 'GAGCCCAACCAAACTGAATNNGCTGTGTT']","['AAACACAGGNNATTCAGTTTGGTTGGGCTCA', 'AACACAGCNNATTCAGTTTGGTTGGGCTC']"
390,386,L,L,"['GACNNCTGTTTCACCAATGTCTATGCTGACTCC', 'GACNNGTGTTTCACCAATGTCTATGCTGACTCC']","['GGAGTCAGCATAGACATTGGTGAAACAGNNGTC', 'GGAGTCAGCATAGACATTGGTGAAACACNNGTC']","['GCCCAACCAAACTGAATGACNNCTGTTTCAC', 'GCCCAACCAAACTGAATGACNNGTGTTTCAC']","['GTGAAACAGNNGTCATTCAGTTTGGTTGGGC', 'GTGAAACACNNGTCATTCAGTTTGGTTGGGC']"
391,387,C,C,"['CTGNNCTTCACCAATGTCTATGCTGACTCCTTT', 'CTGNNGTTCACCAATGTCTATGCTGACTCCTTT']","['AAAGGAGTCAGCATAGACATTGGTGAAGNNCAG', 'AAAGGAGTCAGCATAGACATTGGTGAACNNCAG']","['CAACCAAACTGAATGACCTGNNCTTCACCAA', 'CCAACCAAACTGAATGACCTGNNGTTCACCAAT']","['TTGGTGAAGNNCAGGTCATTCAGTTTGGTTG', 'ATTGGTGAACNNCAGGTCATTCAGTTTGGTTGG']"
392,388,F,F,"['TGTNNCACCAATGTCTATGCTGACTCCTTTGTG', 'TGTNNGACCAATGTCTATGCTGACTCCTTTGTG']","['CACAAAGGAGTCAGCATAGACATTGGTGNNACA', 'CACAAAGGAGTCAGCATAGACATTGGTCNNACA']","['CCAAACTGAATGACCTGTGTNNCACCAATGTC', 'CCAAACTGAATGACCTGTGTNNGACCAATGTC']","['GACATTGGTGNNACACAGGTCATTCAGTTTGG', 'GACATTGGTCNNACACAGGTCATTCAGTTTGG']"
393,389,T,T,"['TGTTTCNNCAATGTCTATGCTGACTCCTTTGTGATTAAG', 'TGTTTCNNGAATGTCTATGCTGACTCCTTTGTGATTAAG']","['CTTAATCACAAAGGAGTCAGCATAGACATTGNNGAAACA', 'CTTAATCACAAAGGAGTCAGCATAGACATTCNNGAAACA']","['CAAACTGAATGACCTGTGTTTCNNCAATGTCTATGC', 'CAAACTGAATGACCTGTGTTTCNNGAATGTCTATGC']","['GCATAGACATTGNNGAAACACAGGTCATTCAGTTTG', 'GCATAGACATTCNNGAAACACAGGTCATTCAGTTTG']"
394,390,N,N,"['ACCNNCGTCTATGCTGACTCCTTTGTGATTAAG', 'ACCNNGGTCTATGCTGACTCCTTTGTGATTAAG']","['CTTAATCACAAAGGAGTCAGCATAGACGNNGGT', 'CTTAATCACAAAGGAGTCAGCATAGACCNNGGT']","['TGAATGACCTGTGTTTCACCNNCGTCTATGC', 'TGAATGACCTGTGTTTCACCNNGGTCTATGC']","['GCATAGACGNNGGTGAAACACAGGTCATTCA', 'GCATAGACCNNGGTGAAACACAGGTCATTCA']"
395,391,V,V,"['CCAATNNCTATGCTGACTCCTTTGTGATTAAGGGAAA', 'CCAATNNGTATGCTGACTCCTTTGTGATTAAGGGAAA']","['TTTCCCTTAATCACAAAGGAGTCAGCATAGNNATTGG', 'TTTCCCTTAATCACAAAGGAGTCAGCATACNNATTGG']","['AATGACCTGTGTTTCACCAATNNCTATGCTGACT', 'AATGACCTGTGTTTCACCAATNNGTATGCTGACT']","['AGTCAGCATAGNNATTGGTGAAACACAGGTCATT', 'AGTCAGCATACNNATTGGTGAAACACAGGTCATT']"
396,392,Y,Y,"['GTCNNCGCTGACTCCTTTGTGATTAAGGGAAAC', 'GTCNNGGCTGACTCCTTTGTGATTAAGGGAAAC']","['GTTTCCCTTAATCACAAAGGAGTCAGCGNNGAC', 'GTTTCCCTTAATCACAAAGGAGTCAGCCNNGAC']","['CCTGTGTTTCACCAATGTCNNCGCTGACT', 'CCTGTGTTTCACCAATGTCNNGGCTGACT']","['AGTCAGCGNNGACATTGGTGAAACACAGG', 'AGTCAGCCNNGACATTGGTGAAACACAGG']"
397,393,A,A,"['CTATNNCGACTCCTTTGTGATTAAGGGAAACGAGG', 'CTATNNGGACTCCTTTGTGATTAAGGGAAACGAGG']","['CCTCGTTTCCCTTAATCACAAAGGAGTCGNNATAG', 'CCTCGTTTCCCTTAATCACAAAGGAGTCCNNATAG']","['CCTGTGTTTCACCAATGTCTATNNCGACTCCTTTG', 'CCTGTGTTTCACCAATGTCTATNNGGACTCCTTTG']","['CAAAGGAGTCGNNATAGACATTGGTGAAACACAGG', 'CAAAGGAGTCCNNATAGACATTGGTGAAACACAGG']"
398,394,D,D,"['GCTNNCTCCTTTGTGATTAAGGGAAACGAGGTG', 'GCTNNGTCCTTTGTGATTAAGGGAAACGAGGTG']","['CACCTCGTTTCCCTTAATCACAAAGGAGNNAGC', 'CACCTCGTTTCCCTTAATCACAAAGGACNNAGC']","['TGTTTCACCAATGTCTATGCTNNCTCCTTTGTGA', 'TGTTTCACCAATGTCTATGCTNNGTCCTTTGTGA']","['TCACAAAGGAGNNAGCATAGACATTGGTGAAACA', 'TCACAAAGGACNNAGCATAGACATTGGTGAAACA']"
399,395,S,S,"['GACNNCTTTGTGATTAAGGGAAACGAGGTGAGC', 'GACNNGTTTGTGATTAAGGGAAACGAGGTGAGC']","['GCTCACCTCGTTTCCCTTAATCACAAAGNNGTC', 'GCTCACCTCGTTTCCCTTAATCACAAACNNGTC']","['GTTTCACCAATGTCTATGCTGACNNCTTTGTGATTAAG', 'GTTTCACCAATGTCTATGCTGACNNGTTTGTGATTAA']","['CTTAATCACAAAGNNGTCAGCATAGACATTGGTGAAAC', 'TTAATCACAAACNNGTCAGCATAGACATTGGTGAAAC']"
400,396,F,F,"['TCCNNCGTGATTAAGGGAAACGAGGTGAGCCAG', 'TCCNNGGTGATTAAGGGAAACGAGGTGAGCCAG']","['CTGGCTCACCTCGTTTCCCTTAATCACGNNGGA', 'CTGGCTCACCTCGTTTCCCTTAATCACCNNGGA']","['ACCAATGTCTATGCTGACTCCNNCGTGATTAAG', 'ACCAATGTCTATGCTGACTCCNNGGTGATTAAG']","['CTTAATCACGNNGGAGTCAGCATAGACATTGGT', 'CTTAATCACCNNGGAGTCAGCATAGACATTGGT']"
401,397,V,V,"['TTTNNCATTAAGGGAAACGAGGTGAGCCAGATT', 'TTTNNGATTAAGGGAAACGAGGTGAGCCAGATT']","['AATCTGGCTCACCTCGTTTCCCTTAATGNNAAA', 'AATCTGGCTCACCTCGTTTCCCTTAATCNNAAA']","['CCAATGTCTATGCTGACTCCTTTNNCATTAAGGGAAA', 'CCAATGTCTATGCTGACTCCTTTNNGATTAAGGGAAA']","['TTTCCCTTAATGNNAAAGGAGTCAGCATAGACATTGG', 'TTTCCCTTAATCNNAAAGGAGTCAGCATAGACATTGG']"
402,398,I,I,"['GTGNNCAAGGGAAACGAGGTGAGCCAGATTGCC', 'GTGNNGAAGGGAAACGAGGTGAGCCAGATTGCC']","['GGCAATCTGGCTCACCTCGTTTCCCTTGNNCAC', 'GGCAATCTGGCTCACCTCGTTTCCCTTCNNCAC']","['TCTATGCTGACTCCTTTGTGNNCAAGGGAAA', 'TCTATGCTGACTCCTTTGTGNNGAAGGGAAAC']","['TTTCCCTTGNNCACAAAGGAGTCAGCATAGA', 'GTTTCCCTTCNNCACAAAGGAGTCAGCATAGA']"
403,399,K,R,"['ATTNNCGGAAACGAGGTGAGCCAGATTGCCCCT', 'ATTNNGGGAAACGAGGTGAGCCAGATTGCCCCT']","['AGGGGCAATCTGGCTCACCTCGTTTCCGNNAAT', 'AGGGGCAATCTGGCTCACCTCGTTTCCCNNAAT']","['TGCTGACTCCTTTGTGATTNNCGGAAACGA', 'TGCTGACTCCTTTGTGATTNNGGGAAACGA']","['TCGTTTCCGNNAATCACAAAGGAGTCAGCA', 'TCGTTTCCCNNAATCACAAAGGAGTCAGCA']"
404,400,G,G,"['AAGNNCAACGAGGTGAGCCAGATTGCCCCTGGA', 'AAGNNGAACGAGGTGAGCCAGATTGCCCCTGGA']","['TCCAGGGGCAATCTGGCTCACCTCGTTGNNCTT', 'TCCAGGGGCAATCTGGCTCACCTCGTTCNNCTT']","['GCTGACTCCTTTGTGATTAAGNNCAACGAGGTG', 'GCTGACTCCTTTGTGATTAAGNNGAACGAGGTG']","['CACCTCGTTGNNCTTAATCACAAAGGAGTCAGC', 'CACCTCGTTCNNCTTAATCACAAAGGAGTCAGC']"
405,401,N,D,"['GGANNCGAGGTGAGCCAGATTGCCCCTGGACAA', 'GGANNGGAGGTGAGCCAGATTGCCCCTGGACAA']","['TTGTCCAGGGGCAATCTGGCTCACCTCGNNTCC', 'TTGTCCAGGGGCAATCTGGCTCACCTCCNNTCC']","['ACTCCTTTGTGATTAAGGGANNCGAGGTGAGC', 'ACTCCTTTGTGATTAAGGGANNGGAGGTGAGC']","['GCTCACCTCGNNTCCCTTAATCACAAAGGAGT', 'GCTCACCTCCNNTCCCTTAATCACAAAGGAGT']"
406,402,E,E,"['AACNNCGTGAGCCAGATTGCCCCTGGACAAACA', 'AACNNGGTGAGCCAGATTGCCCCTGGACAAACA']","['TGTTTGTCCAGGGGCAATCTGGCTCACGNNGTT', 'TGTTTGTCCAGGGGCAATCTGGCTCACCNNGTT']","['CCTTTGTGATTAAGGGAAACNNCGTGAGCCA', 'CCTTTGTGATTAAGGGAAACNNGGTGAGCCA']","['TGGCTCACGNNGTTTCCCTTAATCACAAAGG', 'TGGCTCACCNNGTTTCCCTTAATCACAAAGG']"
407,403,V,V,"['GAGNNCAGCCAGATTGCCCCTGGACAAACAGGC', 'GAGNNGAGCCAGATTGCCCCTGGACAAACAGGC']","['GCCTGTTTGTCCAGGGGCAATCTGGCTGNNCTC', 'GCCTGTTTGTCCAGGGGCAATCTGGCTCNNCTC']","['TGTGATTAAGGGAAACGAGNNCAGCCAGA', 'TTTGTGATTAAGGGAAACGAGNNGAGCCAGATT']","['TCTGGCTGNNCTCGTTTCCCTTAATCACA', 'AATCTGGCTCNNCTCGTTTCCCTTAATCACAAA']"
408,404,S,R,"['GTGNNCCAGATTGCCCCTGGACAAACAGGCAAC', 'GTGNNGCAGATTGCCCCTGGACAAACAGGCAAC']","['GTTGCCTGTTTGTCCAGGGGCAATCTGGNNCAC', 'GTTGCCTGTTTGTCCAGGGGCAATCTGCNNCAC']","['GATTAAGGGAAACGAGGTGNNCCAGATTGC', 'GATTAAGGGAAACGAGGTGNNGCAGATTGC']","['GCAATCTGGNNCACCTCGTTTCCCTTAATC', 'GCAATCTGCNNCACCTCGTTTCCCTTAATC']"
409,405,Q,Q,"['AGCNNCATTGCCCCTGGACAAACAGGCAACATT', 'AGCNNGATTGCCCCTGGACAAACAGGCAACATT']","['AATGTTGCCTGTTTGTCCAGGGGCAATGNNGCT', 'AATGTTGCCTGTTTGTCCAGGGGCAATCNNGCT']","['AGGGAAACGAGGTGAGCNNCATTGCC', 'AGGGAAACGAGGTGAGCNNGATTGCC']","['GGCAATGNNGCTCACCTCGTTTCCCT', 'GGCAATCNNGCTCACCTCGTTTCCCT']"
410,406,I,I,"['CAGNNCGCCCCTGGACAAACAGGCAACATTGCT', 'CAGNNGGCCCCTGGACAAACAGGCAACATTGCT']","['AGCAATGTTGCCTGTTTGTCCAGGGGCGNNCTG', 'AGCAATGTTGCCTGTTTGTCCAGGGGCCNNCTG']","['AACGAGGTGAGCCAGNNCGCCC', 'AACGAGGTGAGCCAGNNGGCCC']","['GGGCGNNCTGGCTCACCTCGTT', 'GGGCCNNCTGGCTCACCTCGTT']"
411,407,A,A,"['ATTNNCCCTGGACAAACAGGCAACATTGCTGAC', 'ATTNNGCCTGGACAAACAGGCAACATTGCTGAC']","['GTCAGCAATGTTGCCTGTTTGTCCAGGGNNAAT', 'GTCAGCAATGTTGCCTGTTTGTCCAGGCNNAAT']","['ACGAGGTGAGCCAGATTNNCCCTGGA', 'ACGAGGTGAGCCAGATTNNGCCTGG']","['TCCAGGGNNAATCTGGCTCACCTCGT', 'CCAGGCNNAATCTGGCTCACCTCGT']"
412,408,P,P,"['GCCNNCGGACAAACAGGCAACATTGCTGACTAC', 'GCCNNGGGACAAACAGGCAACATTGCTGACTAC']","['GTAGTCAGCAATGTTGCCTGTTTGTCCGNNGGC', 'GTAGTCAGCAATGTTGCCTGTTTGTCCCNNGGC']","['GGTGAGCCAGATTGCCNNCGGACA', 'GGTGAGCCAGATTGCCNNGGGACA']","['TGTCCGNNGGCAATCTGGCTCACC', 'TGTCCCNNGGCAATCTGGCTCACC']"
413,409,G,G,"['CCTNNCCAAACAGGCAACATTGCTGACTACAAC', 'CCTNNGCAAACAGGCAACATTGCTGACTACAAC']","['GTTGTAGTCAGCAATGTTGCCTGTTTGGNNAGG', 'GTTGTAGTCAGCAATGTTGCCTGTTTGCNNAGG']","['TGAGCCAGATTGCCCCTNNCCAAACA', 'TGAGCCAGATTGCCCCTNNGCAAACA']","['TGTTTGGNNAGGGGCAATCTGGCTCA', 'TGTTTGCNNAGGGGCAATCTGGCTCA']"
414,410,Q,Q,"['GGANNCACAGGCAACATTGCTGACTACAACTAC', 'GGANNGACAGGCAACATTGCTGACTACAACTAC']","['GTAGTTGTAGTCAGCAATGTTGCCTGTGNNTCC', 'GTAGTTGTAGTCAGCAATGTTGCCTGTCNNTCC']","['GCCAGATTGCCCCTGGANNCACAGG', 'GCCAGATTGCCCCTGGANNGACAGG']","['CCTGTGNNTCCAGGGGCAATCTGGC', 'CCTGTCNNTCCAGGGGCAATCTGGC']"
415,411,T,T,"['CAANNCGGCAACATTGCTGACTACAACTACAAA', 'CAANNGGGCAACATTGCTGACTACAACTACAAAC']","['TTTGTAGTTGTAGTCAGCAATGTTGCCGNNTTG', 'GTTTGTAGTTGTAGTCAGCAATGTTGCCCNNTTG']","['AGATTGCCCCTGGACAANNCGGCAA', 'AGATTGCCCCTGGACAANNGGGCAA']","['TTGCCGNNTTGTCCAGGGGCAATCT', 'TTGCCCNNTTGTCCAGGGGCAATCT']"
416,412,G,G,"['ACANNCAACATTGCTGACTACAACTACAAACTGC', 'AACANNGAACATTGCTGACTACAACTACAAACTGCC']","['GCAGTTTGTAGTTGTAGTCAGCAATGTTGNNTGT', 'GGCAGTTTGTAGTTGTAGTCAGCAATGTTCNNTGTT']","['GATTGCCCCTGGACAAACANNCAACATTGC', 'GATTGCCCCTGGACAAACANNGAACATTGC']","['GCAATGTTGNNTGTTTGTCCAGGGGCAATC', 'GCAATGTTCNNTGTTTGTCCAGGGGCAATC']"
417,413,N,K,"['GGCNNCATTGCTGACTACAACTACAAACTGCCT', 'GGCNNGATTGCTGACTACAACTACAAACTGCCT']","['AGGCAGTTTGTAGTTGTAGTCAGCAATGNNGCC', 'AGGCAGTTTGTAGTTGTAGTCAGCAATCNNGCC']","['CCCCTGGACAAACAGGCNNCATTGC', 'CCCCTGGACAAACAGGCNNGATTGC']","['GCAATGNNGCCTGTTTGTCCAGGGG', 'GCAATCNNGCCTGTTTGTCCAGGGG']"
418,414,I,I,"['AACNNCGCTGACTACAACTACAAACTGCCTGAT', 'AACNNGGCTGACTACAACTACAAACTGCCTGAT']","['ATCAGGCAGTTTGTAGTTGTAGTCAGCGNNGTT', 'ATCAGGCAGTTTGTAGTTGTAGTCAGCCNNGTT']","['CTGGACAAACAGGCAACNNCGCTGAC', 'CTGGACAAACAGGCAACNNGGCTGAC']","['GTCAGCGNNGTTGCCTGTTTGTCCAG', 'GTCAGCCNNGTTGCCTGTTTGTCCAG']"
419,415,A,A,"['CATTNNCGACTACAACTACAAACTGCCTGATGACT', 'CATTNNGGACTACAACTACAAACTGCCTGATGACT']","['AGTCATCAGGCAGTTTGTAGTTGTAGTCGNNAATG', 'AGTCATCAGGCAGTTTGTAGTTGTAGTCCNNAATG']","['CTGGACAAACAGGCAACATTNNCGACTACAAC', 'CTGGACAAACAGGCAACATTNNGGACTACAAC']","['GTTGTAGTCGNNAATGTTGCCTGTTTGTCCAG', 'GTTGTAGTCCNNAATGTTGCCTGTTTGTCCAG']"
420,416,D,D,"['GCTNNCTACAACTACAAACTGCCTGATGACTTCA', 'GCTNNGTACAACTACAAACTGCCTGATGACTTCA']","['TGAAGTCATCAGGCAGTTTGTAGTTGTAGNNAGC', 'TGAAGTCATCAGGCAGTTTGTAGTTGTACNNAGC']","['GGACAAACAGGCAACATTGCTNNCTACAACTAC', 'GGACAAACAGGCAACATTGCTNNGTACAACTAC']","['GTAGTTGTAGNNAGCAATGTTGCCTGTTTGTCC', 'GTAGTTGTACNNAGCAATGTTGCCTGTTTGTCC']"
421,417,Y,Y,"['GACNNCAACTACAAACTGCCTGATGACTTCACA', 'GACNNGAACTACAAACTGCCTGATGACTTCACA']","['TGTGAAGTCATCAGGCAGTTTGTAGTTGNNGTC', 'TGTGAAGTCATCAGGCAGTTTGTAGTTCNNGTC']","['AAACAGGCAACATTGCTGACNNCAACTACAAA', 'AAACAGGCAACATTGCTGACNNGAACTACAAA']","['TTTGTAGTTGNNGTCAGCAATGTTGCCTGTTT', 'TTTGTAGTTCNNGTCAGCAATGTTGCCTGTTT']"
422,418,N,N,"['TACNNCTACAAACTGCCTGATGACTTCACAGGC', 'TACNNGTACAAACTGCCTGATGACTTCACAGGC']","['GCCTGTGAAGTCATCAGGCAGTTTGTAGNNGTA', 'GCCTGTGAAGTCATCAGGCAGTTTGTACNNGTA']","['CAGGCAACATTGCTGACTACNNCTACAAACTG', 'CAGGCAACATTGCTGACTACNNGTACAAACTG']","['CAGTTTGTAGNNGTAGTCAGCAATGTTGCCTG', 'CAGTTTGTACNNGTAGTCAGCAATGTTGCCTG']"
423,419,Y,Y,"['AACNNCAAACTGCCTGATGACTTCACAGGCTGT', 'AACNNGAAACTGCCTGATGACTTCACAGGCTGT']","['ACAGCCTGTGAAGTCATCAGGCAGTTTGNNGTT', 'ACAGCCTGTGAAGTCATCAGGCAGTTTCNNGTT']","['GCAACATTGCTGACTACAACNNCAAACTGCC', 'GCAACATTGCTGACTACAACNNGAAACTGCC']","['GGCAGTTTGNNGTTGTAGTCAGCAATGTTGC', 'GGCAGTTTCNNGTTGTAGTCAGCAATGTTGC']"
424,420,K,K,"['TACNNCCTGCCTGATGACTTCACAGGCTGTGTG', 'TACNNGCTGCCTGATGACTTCACAGGCTGTGTG']","['CACACAGCCTGTGAAGTCATCAGGCAGGNNGTA', 'CACACAGCCTGTGAAGTCATCAGGCAGCNNGTA']","['CATTGCTGACTACAACTACNNCCTGCCTGA', 'CATTGCTGACTACAACTACNNGCTGCCTG']","['TCAGGCAGGNNGTAGTTGTAGTCAGCAATG', 'CAGGCAGCNNGTAGTTGTAGTCAGCAATG']"
425,421,L,L,"['AAANNCCCTGATGACTTCACAGGCTGTGTGATT', 'AAANNGCCTGATGACTTCACAGGCTGTGTGATT']","['AATCACACAGCCTGTGAAGTCATCAGGGNNTTT', 'AATCACACAGCCTGTGAAGTCATCAGGCNNTTT']","['CATTGCTGACTACAACTACAAANNCCCTGATGACT', 'CATTGCTGACTACAACTACAAANNGCCTGATGACT']","['AGTCATCAGGGNNTTTGTAGTTGTAGTCAGCAATG', 'AGTCATCAGGCNNTTTGTAGTTGTAGTCAGCAATG']"
426,422,P,P,"['CTGNNCGATGACTTCACAGGCTGTGTGATTGCC', 'CTGNNGGATGACTTCACAGGCTGTGTGATTGCC']","['GGCAATCACACAGCCTGTGAAGTCATCGNNCAG', 'GGCAATCACACAGCCTGTGAAGTCATCCNNCAG']","['GCTGACTACAACTACAAACTGNNCGATGACTTCA', 'GCTGACTACAACTACAAACTGNNGGATGACTTCA']","['TGAAGTCATCGNNCAGTTTGTAGTTGTAGTCAGC', 'TGAAGTCATCCNNCAGTTTGTAGTTGTAGTCAGC']"
427,423,D,D,"['CCTNNCGACTTCACAGGCTGTGTGATTGCCTGG', 'CCTNNGGACTTCACAGGCTGTGTGATTGCCTGG']","['CCAGGCAATCACACAGCCTGTGAAGTCGNNAGG', 'CCAGGCAATCACACAGCCTGTGAAGTCCNNAGG']","['GACTACAACTACAAACTGCCTNNCGACTTCACA', 'GACTACAACTACAAACTGCCTNNGGACTTCACA']","['TGTGAAGTCGNNAGGCAGTTTGTAGTTGTAGTC', 'TGTGAAGTCCNNAGGCAGTTTGTAGTTGTAGTC']"
428,424,D,D,"['GATNNCTTCACAGGCTGTGTGATTGCCTGGAAC', 'GATNNGTTCACAGGCTGTGTGATTGCCTGGAAC']","['GTTCCAGGCAATCACACAGCCTGTGAAGNNATC', 'GTTCCAGGCAATCACACAGCCTGTGAACNNATC']","['ACAACTACAAACTGCCTGATNNCTTCACAGGC', 'ACAACTACAAACTGCCTGATNNGTTCACAGGC']","['GCCTGTGAAGNNATCAGGCAGTTTGTAGTTGT', 'GCCTGTGAACNNATCAGGCAGTTTGTAGTTGT']"
429,425,F,F,"['GACNNCACAGGCTGTGTGATTGCCTGGAACAGC', 'GACNNGACAGGCTGTGTGATTGCCTGGAACAGC']","['GCTGTTCCAGGCAATCACACAGCCTGTGNNGTC', 'GCTGTTCCAGGCAATCACACAGCCTGTCNNGTC']","['TACAAACTGCCTGATGACNNCACAGGCT', 'TACAAACTGCCTGATGACNNGACAGGCT']","['AGCCTGTGNNGTCATCAGGCAGTTTGTA', 'AGCCTGTCNNGTCATCAGGCAGTTTGTA']"
430,426,T,T,"['TTCNNCGGCTGTGTGATTGCCTGGAACAGCAAC', 'TTCNNGGGCTGTGTGATTGCCTGGAACAGCAAC']","['GTTGCTGTTCCAGGCAATCACACAGCCGNNGAA', 'GTTGCTGTTCCAGGCAATCACACAGCCCNNGAA']","['AACTGCCTGATGACTTCNNCGGCTGT', 'AACTGCCTGATGACTTCNNGGGCTGT']","['ACAGCCGNNGAAGTCATCAGGCAGTT', 'ACAGCCCNNGAAGTCATCAGGCAGTT']"
431,427,G,G,"['ACANNCTGTGTGATTGCCTGGAACAGCAACAAG', 'ACANNGTGTGTGATTGCCTGGAACAGCAACAAG']","['CTTGTTGCTGTTCCAGGCAATCACACAGNNTGT', 'CTTGTTGCTGTTCCAGGCAATCACACACNNTGT']","['ACTGCCTGATGACTTCACANNCTGTGTGA', 'ACTGCCTGATGACTTCACANNGTGTGTGA']","['TCACACAGNNTGTGAAGTCATCAGGCAGT', 'TCACACACNNTGTGAAGTCATCAGGCAGT']"
432,428,C,C,"['GGCNNCGTGATTGCCTGGAACAGCAACAAGCTG', 'GGCNNGGTGATTGCCTGGAACAGCAACAAGCTG']","['CAGCTTGTTGCTGTTCCAGGCAATCACGNNGCC', 'CAGCTTGTTGCTGTTCCAGGCAATCACCNNGCC']","['GCCTGATGACTTCACAGGCNNCGTGATTG', 'GCCTGATGACTTCACAGGCNNGGTGATTG']","['CAATCACGNNGCCTGTGAAGTCATCAGGC', 'CAATCACCNNGCCTGTGAAGTCATCAGGC']"
433,429,V,V,"['TGTNNCATTGCCTGGAACAGCAACAAGCTGGAC', 'TGTNNGATTGCCTGGAACAGCAACAAGCTGGAC']","['GTCCAGCTTGTTGCTGTTCCAGGCAATGNNACA', 'GTCCAGCTTGTTGCTGTTCCAGGCAATCNNACA']","['TGATGACTTCACAGGCTGTNNCATTGCCT', 'TGATGACTTCACAGGCTGTNNGATTGCCT']","['AGGCAATGNNACAGCCTGTGAAGTCATCA', 'AGGCAATCNNACAGCCTGTGAAGTCATCA']"
434,430,I,I,"['GTGNNCGCCTGGAACAGCAACAAGCTGGACAGC', 'GTGNNGGCCTGGAACAGCAACAAGCTGGACAGC']","['GCTGTCCAGCTTGTTGCTGTTCCAGGCGNNCAC', 'GCTGTCCAGCTTGTTGCTGTTCCAGGCCNNCAC']","['CTTCACAGGCTGTGTGNNCGCCTG', 'ACTTCACAGGCTGTGTGNNGGCCTG']","['CAGGCGNNCACACAGCCTGTGAAG', 'CAGGCCNNCACACAGCCTGTGAAGT']"
435,431,A,A,"['ATTNNCTGGAACAGCAACAAGCTGGACAGCAAG', 'ATTNNGTGGAACAGCAACAAGCTGGACAGCAAG']","['CTTGCTGTCCAGCTTGTTGCTGTTCCAGNNAAT', 'CTTGCTGTCCAGCTTGTTGCTGTTCCACNNAAT']","['ACTTCACAGGCTGTGTGATTNNCTGGAACAG', 'CTTCACAGGCTGTGTGATTNNGTGGAACAG']","['CTGTTCCAGNNAATCACACAGCCTGTGAAGT', 'CTGTTCCACNNAATCACACAGCCTGTGAAG']"
436,432,W,W,"['GCCNNCAACAGCAACAAGCTGGACAGCAAGCAC', 'GCCNNGAACAGCAACAAGCTGGACAGCAAGCAC']","['GTGCTTGCTGTCCAGCTTGTTGCTGTTGNNGGC', 'GTGCTTGCTGTCCAGCTTGTTGCTGTTCNNGGC']","['CAGGCTGTGTGATTGCCNNCAACAGC', 'CAGGCTGTGTGATTGCCNNGAACAGC']","['GCTGTTGNNGGCAATCACACAGCCTG', 'GCTGTTCNNGGCAATCACACAGCCTG']"
437,433,N,N,"['TGGNNCAGCAACAAGCTGGACAGCAAGCACAGC', 'TGGNNGAGCAACAAGCTGGACAGCAAGCACAGC']","['GCTGTGCTTGCTGTCCAGCTTGTTGCTGNNCCA', 'GCTGTGCTTGCTGTCCAGCTTGTTGCTCNNCCA']","['GCTGTGTGATTGCCTGGNNCAGCAA', 'GCTGTGTGATTGCCTGGNNGAGCAAC']","['TTGCTGNNCCAGGCAATCACACAGC', 'GTTGCTCNNCCAGGCAATCACACAGC']"
438,434,S,S,"['AACNNCAACAAGCTGGACAGCAAGCACAGCGGC', 'AACNNGAACAAGCTGGACAGCAAGCACAGCGGC']","['GCCGCTGTGCTTGCTGTCCAGCTTGTTGNNGTT', 'GCCGCTGTGCTTGCTGTCCAGCTTGTTCNNGTT']","['TGTGTGATTGCCTGGAACNNCAACAAGC', 'TGTGTGATTGCCTGGAACNNGAACAAGC']","['GCTTGTTGNNGTTCCAGGCAATCACACA', 'GCTTGTTCNNGTTCCAGGCAATCACACA']"
439,435,N,N,"['AGCNNCAAGCTGGACAGCAAGCACAGCGGCAAC', 'AGCNNGAAGCTGGACAGCAAGCACAGCGGCAAC']","['GTTGCCGCTGTGCTTGCTGTCCAGCTTGNNGCT', 'GTTGCCGCTGTGCTTGCTGTCCAGCTTCNNGCT']","['GTGATTGCCTGGAACAGCNNCAAGCTG', 'TGATTGCCTGGAACAGCNNGAAGCTG']","['CAGCTTGNNGCTGTTCCAGGCAATCAC', 'CAGCTTCNNGCTGTTCCAGGCAATCA']"
440,436,K,N,"['AACNNCCTGGACAGCAAGCACAGCGGCAACTAC', 'AACNNGCTGGACAGCAAGCACAGCGGCAACTAC']","['GTAGTTGCCGCTGTGCTTGCTGTCCAGGNNGTT', 'GTAGTTGCCGCTGTGCTTGCTGTCCAGCNNGTT']","['TGCCTGGAACAGCAACNNCCTGGA', 'TGCCTGGAACAGCAACNNGCTGG']","['TCCAGGNNGTTGCTGTTCCAGGCA', 'CCAGCNNGTTGCTGTTCCAGGCA']"
441,437,L,L,"['AAGNNCGACAGCAAGCACAGCGGCAACTACGAC', 'AAGNNGGACAGCAAGCACAGCGGCAACTACGAC']","['GTCGTAGTTGCCGCTGTGCTTGCTGTCGNNCTT', 'GTCGTAGTTGCCGCTGTGCTTGCTGTCCNNCTT']","['CCTGGAACAGCAACAAGNNCGACAGC', 'CCTGGAACAGCAACAAGNNGGACAGC']","['GCTGTCGNNCTTGTTGCTGTTCCAGG', 'GCTGTCCNNCTTGTTGCTGTTCCAGG']"
442,438,D,D,"['CTGNNCAGCAAGCACAGCGGCAACTACGACTAC', 'CTGNNGAGCAAGCACAGCGGCAACTACGACTAC']","['GTAGTCGTAGTTGCCGCTGTGCTTGCTGNNCAG', 'GTAGTCGTAGTTGCCGCTGTGCTTGCTCNNCAG']","['TGGAACAGCAACAAGCTGNNCAGCAAG', 'TGGAACAGCAACAAGCTGNNGAGCAAG']","['CTTGCTGNNCAGCTTGTTGCTGTTCCA', 'CTTGCTCNNCAGCTTGTTGCTGTTCCA']"
443,439,S,S,"['GACNNCAAGCACAGCGGCAACTACGACTACTGG', 'GACNNGAAGCACAGCGGCAACTACGACTACTGG']","['CCAGTAGTCGTAGTTGCCGCTGTGCTTGNNGTC', 'CCAGTAGTCGTAGTTGCCGCTGTGCTTCNNGTC']","['ACAGCAACAAGCTGGACNNCAAGCAC', 'ACAGCAACAAGCTGGACNNGAAGCAC']","['GTGCTTGNNGTCCAGCTTGTTGCTGT', 'GTGCTTCNNGTCCAGCTTGTTGCTGT']"
444,440,K,K,"['AGCNNCCACAGCGGCAACTACGACTACTGGTAC', 'AGCNNGCACAGCGGCAACTACGACTACTGGTAC']","['GTACCAGTAGTCGTAGTTGCCGCTGTGGNNGCT', 'GTACCAGTAGTCGTAGTTGCCGCTGTGCNNGCT']","['GCAACAAGCTGGACAGCNNCCACAG', 'GCAACAAGCTGGACAGCNNGCACAG']","['CTGTGGNNGCTGTCCAGCTTGTTGC', 'CTGTGCNNGCTGTCCAGCTTGTTGC']"
445,441,H,V,"['AAGNNCAGCGGCAACTACGACTACTGGTACAGA', 'AAGNNGAGCGGCAACTACGACTACTGGTACAGA']","['TCTGTACCAGTAGTCGTAGTTGCCGCTGNNCTT', 'TCTGTACCAGTAGTCGTAGTTGCCGCTCNNCTT']","['CAAGCTGGACAGCAAGNNCAGCGG', 'CAAGCTGGACAGCAAGNNGAGCGG']","['CCGCTGNNCTTGCTGTCCAGCTTG', 'CCGCTCNNCTTGCTGTCCAGCTTG']"
446,442,S,G,"['CACNNCGGCAACTACGACTACTGGTACAGAAGC', 'CACNNGGGCAACTACGACTACTGGTACAGAAGC']","['GCTTCTGTACCAGTAGTCGTAGTTGCCGNNGTG', 'GCTTCTGTACCAGTAGTCGTAGTTGCCCNNGTG']","['GCTGGACAGCAAGCACNNCGGCA', 'GCTGGACAGCAAGCACNNGGGCA']","['TGCCGNNGTGCTTGCTGTCCAGC', 'TGCCCNNGTGCTTGCTGTCCAGC']"
447,443,G,G,"['AGCNNCAACTACGACTACTGGTACAGAAGCCTG', 'AGCNNGAACTACGACTACTGGTACAGAAGCCTG']","['CAGGCTTCTGTACCAGTAGTCGTAGTTGNNGCT', 'CAGGCTTCTGTACCAGTAGTCGTAGTTCNNGCT']","['CTGGACAGCAAGCACAGCNNCAACTAC', 'CTGGACAGCAAGCACAGCNNGAACTAC']","['GTAGTTGNNGCTGTGCTTGCTGTCCAG', 'GTAGTTCNNGCTGTGCTTGCTGTCCAG']"
448,444,N,N,"['GGCNNCTACGACTACTGGTACAGAAGCCTGAGG', 'GGCNNGTACGACTACTGGTACAGAAGCCTGAGG']","['CCTCAGGCTTCTGTACCAGTAGTCGTAGNNGCC', 'CCTCAGGCTTCTGTACCAGTAGTCGTACNNGCC']","['AGCAAGCACAGCGGCNNCTACG', 'AGCAAGCACAGCGGCNNGTACG']","['CGTAGNNGCCGCTGTGCTTGCT', 'CGTACNNGCCGCTGTGCTTGCT']"
449,445,Y,Y,"['AACNNCGACTACTGGTACAGAAGCCTGAGGAAG', 'AACNNGGACTACTGGTACAGAAGCCTGAGGAAG']","['CTTCCTCAGGCTTCTGTACCAGTAGTCGNNGTT', 'CTTCCTCAGGCTTCTGTACCAGTAGTCCNNGTT']","['CAAGCACAGCGGCAACNNCGACT', 'CAAGCACAGCGGCAACNNGGACT']","['AGTCGNNGTTGCCGCTGTGCTTG', 'AGTCCNNGTTGCCGCTGTGCTTG']"
450,446,D,N,"['TACNNCTACTGGTACAGAAGCCTGAGGAAGAGC', 'TACNNGTACTGGTACAGAAGCCTGAGGAAGAGC']","['GCTCTTCCTCAGGCTTCTGTACCAGTAGNNGTA', 'GCTCTTCCTCAGGCTTCTGTACCAGTACNNGTA']","['AGCACAGCGGCAACTACNNCTACTGG', 'AGCACAGCGGCAACTACNNGTACTGG']","['CCAGTAGNNGTAGTTGCCGCTGTGCT', 'CCAGTACNNGTAGTTGCCGCTGTGCT']"
451,447,Y,Y,"['GACNNCTGGTACAGAAGCCTGAGGAAGAGCAAG', 'GACNNGTGGTACAGAAGCCTGAGGAAGAGCAAG']","['CTTGCTCTTCCTCAGGCTTCTGTACCAGNNGTC', 'CTTGCTCTTCCTCAGGCTTCTGTACCACNNGTC']","['ACAGCGGCAACTACGACNNCTGGTAC', 'ACAGCGGCAACTACGACNNGTGGTA']","['GTACCAGNNGTCGTAGTTGCCGCTGT', 'TACCACNNGTCGTAGTTGCCGCTGT']"
452,448,W,L,"['TACNNCTACAGAAGCCTGAGGAAGAGCAAGCTG', 'TACNNGTACAGAAGCCTGAGGAAGAGCAAGCTG']","['CAGCTTGCTCTTCCTCAGGCTTCTGTAGNNGTA', 'CAGCTTGCTCTTCCTCAGGCTTCTGTACNNGTA']","['CAGCGGCAACTACGACTACNNCTACAGAA', 'CAGCGGCAACTACGACTACNNGTACAGAA']","['TTCTGTAGNNGTAGTCGTAGTTGCCGCTG', 'TTCTGTACNNGTAGTCGTAGTTGCCGCTG']"
453,449,Y,Y,"['TGGNNCAGAAGCCTGAGGAAGAGCAAGCTGAAA', 'TGGNNGAGAAGCCTGAGGAAGAGCAAGCTGAAA']","['TTTCAGCTTGCTCTTCCTCAGGCTTCTGNNCCA', 'TTTCAGCTTGCTCTTCCTCAGGCTTCTCNNCCA']","['GGCAACTACGACTACTGGNNCAGAAGCC', 'GGCAACTACGACTACTGGNNGAGAAGCC']","['GGCTTCTGNNCCAGTAGTCGTAGTTGCC', 'GGCTTCTCNNCCAGTAGTCGTAGTTGCC']"
454,450,R,R,"['TACNNCAGCCTGAGGAAGAGCAAGCTGAAACCA', 'TACNNGAGCCTGAGGAAGAGCAAGCTGAAACCA']","['TGGTTTCAGCTTGCTCTTCCTCAGGCTGNNGTA', 'TGGTTTCAGCTTGCTCTTCCTCAGGCTCNNGTA']","['GCAACTACGACTACTGGTACNNCAGCCTGAG', 'GCAACTACGACTACTGGTACNNGAGCCTGAG']","['CTCAGGCTGNNGTACCAGTAGTCGTAGTTGC', 'CTCAGGCTCNNGTACCAGTAGTCGTAGTTGC']"
455,451,S,L,"['AGANNCCTGAGGAAGAGCAAGCTGAAACCATTT', 'AGANNGCTGAGGAAGAGCAAGCTGAAACCATTT']","['AAATGGTTTCAGCTTGCTCTTCCTCAGGNNTCT', 'AAATGGTTTCAGCTTGCTCTTCCTCAGCNNTCT']","['ACTACGACTACTGGTACAGANNCCTGAGGAAG', 'ACTACGACTACTGGTACAGANNGCTGAGGAAG']","['CTTCCTCAGGNNTCTGTACCAGTAGTCGTAGT', 'CTTCCTCAGCNNTCTGTACCAGTAGTCGTAGT']"
456,452,F,F,"['AGCNNCAGGAAGAGCAAGCTGAAACCATTTGAG', 'AGCNNGAGGAAGAGCAAGCTGAAACCATTTGAG']","['CTCAAATGGTTTCAGCTTGCTCTTCCTGNNGCT', 'CTCAAATGGTTTCAGCTTGCTCTTCCTCNNGCT']","['ACGACTACTGGTACAGAAGCNNCAGGAAGAG', 'ACGACTACTGGTACAGAAGCNNGAGGAAGAG']","['CTCTTCCTGNNGCTTCTGTACCAGTAGTCGT', 'CTCTTCCTCNNGCTTCTGTACCAGTAGTCGT']"
457,453,R,R,"['CTGNNCAAGAGCAAGCTGAAACCATTTGAGAGG', 'CTGNNGAAGAGCAAGCTGAAACCATTTGAGAGG']","['CCTCTCAAATGGTTTCAGCTTGCTCTTGNNCAG', 'CCTCTCAAATGGTTTCAGCTTGCTCTTCNNCAG']","['CTACTGGTACAGAAGCCTGNNCAAGAGCA', 'ACTACTGGTACAGAAGCCTGNNGAAGAGCAA']","['TGCTCTTGNNCAGGCTTCTGTACCAGTAG', 'TTGCTCTTCNNCAGGCTTCTGTACCAGTAGT']"
458,454,K,K,"['AGGNNCAGCAAGCTGAAACCATTTGAGAGGGAC', 'AGGNNGAGCAAGCTGAAACCATTTGAGAGGGAC']","['GTCCCTCTCAAATGGTTTCAGCTTGCTGNNCCT', 'GTCCCTCTCAAATGGTTTCAGCTTGCTCNNCCT']","['TGGTACAGAAGCCTGAGGNNCAGCAAG', 'TGGTACAGAAGCCTGAGGNNGAGCAAGC']","['CTTGCTGNNCCTCAGGCTTCTGTACCA', 'GCTTGCTCNNCCTCAGGCTTCTGTACCA']"
459,455,S,S,"['AAGNNCAAGCTGAAACCATTTGAGAGGGACATC', 'AAGNNGAAGCTGAAACCATTTGAGAGGGACATC']","['GATGTCCCTCTCAAATGGTTTCAGCTTGNNCTT', 'GATGTCCCTCTCAAATGGTTTCAGCTTCNNCTT']","['GTACAGAAGCCTGAGGAAGNNCAAGCTGA', 'GGTACAGAAGCCTGAGGAAGNNGAAGCTGAA']","['TCAGCTTGNNCTTCCTCAGGCTTCTGTAC', 'TTCAGCTTCNNCTTCCTCAGGCTTCTGTACC']"
460,456,K,N,"['AGCNNCCTGAAACCATTTGAGAGGGACATCAGC', 'AGCNNGCTGAAACCATTTGAGAGGGACATCAGC']","['GCTGATGTCCCTCTCAAATGGTTTCAGGNNGCT', 'GCTGATGTCCCTCTCAAATGGTTTCAGCNNGCT']","['AGAAGCCTGAGGAAGAGCNNCCTGAAAC', 'AGAAGCCTGAGGAAGAGCNNGCTGAAA']","['GTTTCAGGNNGCTCTTCCTCAGGCTTCT', 'TTTCAGCNNGCTCTTCCTCAGGCTTCT']"
461,457,L,L,"['AAGNNCAAACCATTTGAGAGGGACATCAGCACA', 'AAGNNGAAACCATTTGAGAGGGACATCAGCACA']","['TGTGCTGATGTCCCTCTCAAATGGTTTGNNCTT', 'TGTGCTGATGTCCCTCTCAAATGGTTTCNNCTT']","['AGCCTGAGGAAGAGCAAGNNCAAACCA', 'AAGCCTGAGGAAGAGCAAGNNGAAACCAT']","['TGGTTTGNNCTTGCTCTTCCTCAGGCT', 'ATGGTTTCNNCTTGCTCTTCCTCAGGCTT']"
462,458,K,K,"['CTGNNCCCATTTGAGAGGGACATCAGCACAGAG', 'CTGNNGCCATTTGAGAGGGACATCAGCACAGAG']","['CTCTGTGCTGATGTCCCTCTCAAATGGGNNCAG', 'CTCTGTGCTGATGTCCCTCTCAAATGGCNNCAG']","['CTGAGGAAGAGCAAGCTGNNCCCATTTG', 'CTGAGGAAGAGCAAGCTGNNGCCATTTG']","['CAAATGGGNNCAGCTTGCTCTTCCTCAG', 'CAAATGGCNNCAGCTTGCTCTTCCTCAG']"
463,459,P,P,"['AAANNCTTTGAGAGGGACATCAGCACAGAGATTT', 'AAANNGTTTGAGAGGGACATCAGCACAGAGATTT']","['AAATCTCTGTGCTGATGTCCCTCTCAAAGNNTTT', 'AAATCTCTGTGCTGATGTCCCTCTCAAACNNTTT']","['TGAGGAAGAGCAAGCTGAAANNCTTTGAGAGG', 'TGAGGAAGAGCAAGCTGAAANNGTTTGAGAGG']","['CCTCTCAAAGNNTTTCAGCTTGCTCTTCCTCA', 'CCTCTCAAACNNTTTCAGCTTGCTCTTCCTCA']"
464,460,F,F,"['CCANNCGAGAGGGACATCAGCACAGAGATTTAC', 'CCANNGGAGAGGGACATCAGCACAGAGATTTAC']","['GTAAATCTCTGTGCTGATGTCCCTCTCGNNTGG', 'GTAAATCTCTGTGCTGATGTCCCTCTCCNNTGG']","['AAGAGCAAGCTGAAACCANNCGAGAGGG', 'AAGAGCAAGCTGAAACCANNGGAGAGGG']","['CCCTCTCGNNTGGTTTCAGCTTGCTCTT', 'CCCTCTCCNNTGGTTTCAGCTTGCTCTT']"
465,461,E,E,"['TTTNNCAGGGACATCAGCACAGAGATTTACCAG', 'TTTNNGAGGGACATCAGCACAGAGATTTACCAG']","['CTGGTAAATCTCTGTGCTGATGTCCCTGNNAAA', 'CTGGTAAATCTCTGTGCTGATGTCCCTCNNAAA']","['AGAGCAAGCTGAAACCATTTNNCAGGGACAT', 'AGAGCAAGCTGAAACCATTTNNGAGGGACAT']","['ATGTCCCTGNNAAATGGTTTCAGCTTGCTCT', 'ATGTCCCTCNNAAATGGTTTCAGCTTGCTCT']"
466,462,R,R,"['GAGNNCGACATCAGCACAGAGATTTACCAGGCT', 'GAGNNGGACATCAGCACAGAGATTTACCAGGCT']","['AGCCTGGTAAATCTCTGTGCTGATGTCGNNCTC', 'AGCCTGGTAAATCTCTGTGCTGATGTCCNNCTC']","['GCAAGCTGAAACCATTTGAGNNCGACATCAG', 'GCAAGCTGAAACCATTTGAGNNGGACATCAG']","['CTGATGTCGNNCTCAAATGGTTTCAGCTTGC', 'CTGATGTCCNNCTCAAATGGTTTCAGCTTGC']"
467,463,D,D,"['AGGNNCATCAGCACAGAGATTTACCAGGCTGGC', 'AGGNNGATCAGCACAGAGATTTACCAGGCTGGC']","['GCCAGCCTGGTAAATCTCTGTGCTGATGNNCCT', 'GCCAGCCTGGTAAATCTCTGTGCTGATCNNCCT']","['GCTGAAACCATTTGAGAGGNNCATCAGCA', 'GCTGAAACCATTTGAGAGGNNGATCAGCAC']","['TGCTGATGNNCCTCTCAAATGGTTTCAGC', 'GTGCTGATCNNCCTCTCAAATGGTTTCAGC']"
468,464,I,I,"['GACNNCAGCACAGAGATTTACCAGGCTGGCAAC', 'GACNNGAGCACAGAGATTTACCAGGCTGGCAAC']","['GTTGCCAGCCTGGTAAATCTCTGTGCTGNNGTC', 'GTTGCCAGCCTGGTAAATCTCTGTGCTCNNGTC']","['GAAACCATTTGAGAGGGACNNCAGCACAGA', 'GAAACCATTTGAGAGGGACNNGAGCACAGA']","['TCTGTGCTGNNGTCCCTCTCAAATGGTTTC', 'TCTGTGCTCNNGTCCCTCTCAAATGGTTTC']"
469,465,S,S,"['ATCNNCACAGAGATTTACCAGGCTGGCAACAAG', 'ATCNNGACAGAGATTTACCAGGCTGGCAACAAG']","['CTTGTTGCCAGCCTGGTAAATCTCTGTGNNGAT', 'CTTGTTGCCAGCCTGGTAAATCTCTGTCNNGAT']","['GAAACCATTTGAGAGGGACATCNNCACAGAGATTT', 'GAAACCATTTGAGAGGGACATCNNGACAGAGATTT']","['AAATCTCTGTGNNGATGTCCCTCTCAAATGGTTTC', 'AAATCTCTGTCNNGATGTCCCTCTCAAATGGTTTC']"
470,466,T,T,"['AGCNNCGAGATTTACCAGGCTGGCAACAAGCCA', 'AGCNNGGAGATTTACCAGGCTGGCAACAAGCCA']","['TGGCTTGTTGCCAGCCTGGTAAATCTCGNNGCT', 'TGGCTTGTTGCCAGCCTGGTAAATCTCCNNGCT']","['CCATTTGAGAGGGACATCAGCNNCGAGATTTAC', 'CCATTTGAGAGGGACATCAGCNNGGAGATTTAC']","['GTAAATCTCGNNGCTGATGTCCCTCTCAAATGG', 'GTAAATCTCCNNGCTGATGTCCCTCTCAAATGG']"
471,467,E,E,"['ACANNCATTTACCAGGCTGGCAACAAGCCATGT', 'ACANNGATTTACCAGGCTGGCAACAAGCCATGT']","['ACATGGCTTGTTGCCAGCCTGGTAAATGNNTGT', 'ACATGGCTTGTTGCCAGCCTGGTAAATCNNTGT']","['TTGAGAGGGACATCAGCACANNCATTTACCAG', 'TTGAGAGGGACATCAGCACANNGATTTACCAG']","['CTGGTAAATGNNTGTGCTGATGTCCCTCTCAA', 'CTGGTAAATCNNTGTGCTGATGTCCCTCTCAA']"
472,468,I,I,"['GAGNNCTACCAGGCTGGCAACAAGCCATGTAAG', 'GAGNNGTACCAGGCTGGCAACAAGCCATGTAAG']","['CTTACATGGCTTGTTGCCAGCCTGGTAGNNCTC', 'CTTACATGGCTTGTTGCCAGCCTGGTACNNCTC']","['AGGGACATCAGCACAGAGNNCTACCAGG', 'AGGGACATCAGCACAGAGNNGTACCAGG']","['CCTGGTAGNNCTCTGTGCTGATGTCCCT', 'CCTGGTACNNCTCTGTGCTGATGTCCCT']"
473,469,Y,Y,"['ATTNNCCAGGCTGGCAACAAGCCATGTAAGGGA', 'ATTNNGCAGGCTGGCAACAAGCCATGTAAGGGA']","['TCCCTTACATGGCTTGTTGCCAGCCTGGNNAAT', 'TCCCTTACATGGCTTGTTGCCAGCCTGCNNAAT']","['GGACATCAGCACAGAGATTNNCCAGGCTG', 'GACATCAGCACAGAGATTNNGCAGGCTG']","['CAGCCTGGNNAATCTCTGTGCTGATGTCC', 'CAGCCTGCNNAATCTCTGTGCTGATGTC']"
474,470,Q,Q,"['TACNNCGCTGGCAACAAGCCATGTAAGGGAAAG', 'TACNNGGCTGGCAACAAGCCATGTAAGGGAAAG']","['CTTTCCCTTACATGGCTTGTTGCCAGCGNNGTA', 'CTTTCCCTTACATGGCTTGTTGCCAGCCNNGTA']","['ATCAGCACAGAGATTTACNNCGCTGGCA', 'ATCAGCACAGAGATTTACNNGGCTGGCA']","['TGCCAGCGNNGTAAATCTCTGTGCTGAT', 'TGCCAGCCNNGTAAATCTCTGTGCTGAT']"
475,471,A,A,"['CAGNNCGGCAACAAGCCATGTAAGGGAAAGGGC', 'CAGNNGGGCAACAAGCCATGTAAGGGAAAGGGC']","['GCCCTTTCCCTTACATGGCTTGTTGCCGNNCTG', 'GCCCTTTCCCTTACATGGCTTGTTGCCCNNCTG']","['AGCACAGAGATTTACCAGNNCGGCAACA', 'AGCACAGAGATTTACCAGNNGGGCAACA']","['TGTTGCCGNNCTGGTAAATCTCTGTGCT', 'TGTTGCCCNNCTGGTAAATCTCTGTGCT']"
476,472,G,G,"['GCTNNCAACAAGCCATGTAAGGGAAAGGGCCCC', 'GCTNNGAACAAGCCATGTAAGGGAAAGGGCCCC']","['GGGGCCCTTTCCCTTACATGGCTTGTTGNNAGC', 'GGGGCCCTTTCCCTTACATGGCTTGTTCNNAGC']","['GCACAGAGATTTACCAGGCTNNCAACAAGCC', 'GCACAGAGATTTACCAGGCTNNGAACAAGCC']","['GGCTTGTTGNNAGCCTGGTAAATCTCTGTGC', 'GGCTTGTTCNNAGCCTGGTAAATCTCTGTGC']"
477,473,N,S,"['GGCNNCAAGCCATGTAAGGGAAAGGGCCCCAAC', 'GGCNNGAAGCCATGTAAGGGAAAGGGCCCCAAC']","['GTTGGGGCCCTTTCCCTTACATGGCTTGNNGCC', 'GTTGGGGCCCTTTCCCTTACATGGCTTCNNGCC']","['AGATTTACCAGGCTGGCNNCAAGCCA', 'AGATTTACCAGGCTGGCNNGAAGCCA']","['TGGCTTGNNGCCAGCCTGGTAAATCT', 'TGGCTTCNNGCCAGCCTGGTAAATCT']"
478,474,K,T,"['AACNNCCCATGTAAGGGAAAGGGCCCCAACTGT', 'AACNNGCCATGTAAGGGAAAGGGCCCCAACTGT']","['ACAGTTGGGGCCCTTTCCCTTACATGGGNNGTT', 'ACAGTTGGGGCCCTTTCCCTTACATGGCNNGTT']","['TTTACCAGGCTGGCAACNNCCCATGT', 'TTTACCAGGCTGGCAACNNGCCATG']","['ACATGGGNNGTTGCCAGCCTGGTAAA', 'CATGGCNNGTTGCCAGCCTGGTAAA']"
479,475,P,P,"['AAGNNCTGTAAGGGAAAGGGCCCCAACTGTTAC', 'AAGNNGTGTAAGGGAAAGGGCCCCAACTGTTAC']","['GTAACAGTTGGGGCCCTTTCCCTTACAGNNCTT', 'GTAACAGTTGGGGCCCTTTCCCTTACACNNCTT']","['TACCAGGCTGGCAACAAGNNCTGTAAGG', 'TACCAGGCTGGCAACAAGNNGTGTAAGG']","['CCTTACAGNNCTTGTTGCCAGCCTGGTA', 'CCTTACACNNCTTGTTGCCAGCCTGGTA']"
480,476,C,C,"['CCANNCAAGGGAAAGGGCCCCAACTGTTACTTT', 'CCANNGAAGGGAAAGGGCCCCAACTGTTACTTT']","['AAAGTAACAGTTGGGGCCCTTTCCCTTGNNTGG', 'AAAGTAACAGTTGGGGCCCTTTCCCTTCNNTGG']","['GGCTGGCAACAAGCCANNCAAGGG', 'GGCTGGCAACAAGCCANNGAAGGG']","['CCCTTGNNTGGCTTGTTGCCAGCC', 'CCCTTCNNTGGCTTGTTGCCAGCC']"
481,477,K,N,"['TGTNNCGGAAAGGGCCCCAACTGTTACTTTCCA', 'TGTNNGGGAAAGGGCCCCAACTGTTACTTTCCA']","['TGGAAAGTAACAGTTGGGGCCCTTTCCGNNACA', 'TGGAAAGTAACAGTTGGGGCCCTTTCCCNNACA']","['GCTGGCAACAAGCCATGTNNCGGAAAG', 'GCTGGCAACAAGCCATGTNNGGGAAAG']","['CTTTCCGNNACATGGCTTGTTGCCAGC', 'CTTTCCCNNACATGGCTTGTTGCCAGC']"
482,478,G,G,"['AAGNNCAAGGGCCCCAACTGTTACTTTCCACTC', 'AAGNNGAAGGGCCCCAACTGTTACTTTCCACTC']","['GAGTGGAAAGTAACAGTTGGGGCCCTTGNNCTT', 'GAGTGGAAAGTAACAGTTGGGGCCCTTCNNCTT']","['GGCAACAAGCCATGTAAGNNCAAGGGC', 'GGCAACAAGCCATGTAAGNNGAAGGGC']","['GCCCTTGNNCTTACATGGCTTGTTGCC', 'GCCCTTCNNCTTACATGGCTTGTTGCC']"
484,479,K,E,"['GGANNCGGCCCCAACTGTTACTTTCCACTCGAG', 'GGANNGGGCCCCAACTGTTACTTTCCACTCGAG']","['CTCGAGTGGAAAGTAACAGTTGGGGCCGNNTCC', 'CTCGAGTGGAAAGTAACAGTTGGGGCCCNNTCC']","['ACAAGCCATGTAAGGGANNCGGCCC', 'ACAAGCCATGTAAGGGANNGGGCCC']","['GGGCCGNNTCCCTTACATGGCTTGT', 'GGGCCCNNTCCCTTACATGGCTTGT']"
485,480,G,G,"['AAGNNCCCCAACTGTTACTTTCCACTCGAGTCC', 'AAGNNGCCCAACTGTTACTTTCCACTCGAGTCC']","['GGACTCGAGTGGAAAGTAACAGTTGGGGNNCTT', 'GGACTCGAGTGGAAAGTAACAGTTGGGCNNCTT']","['AAGCCATGTAAGGGAAAGNNCCCCAACT', 'AAGCCATGTAAGGGAAAGNNGCCCAACT']","['AGTTGGGGNNCTTTCCCTTACATGGCTT', 'AGTTGGGCNNCTTTCCCTTACATGGCTT']"
486,481,P,F,"['GGCNNCAACTGTTACTTTCCACTCGAGTCCTAT', 'GGCNNGAACTGTTACTTTCCACTCGAGTCCTAT']","['ATAGGACTCGAGTGGAAAGTAACAGTTGNNGCC', 'ATAGGACTCGAGTGGAAAGTAACAGTTCNNGCC']","['GCCATGTAAGGGAAAGGGCNNCAACTGTT', 'GCCATGTAAGGGAAAGGGCNNGAACTGTT']","['AACAGTTGNNGCCCTTTCCCTTACATGGC', 'AACAGTTCNNGCCCTTTCCCTTACATGGC']"
487,482,N,N,"['CCCNNCTGTTACTTTCCACTCGAGTCCTATGGC', 'CCCNNGTGTTACTTTCCACTCGAGTCCTATGGC']","['GCCATAGGACTCGAGTGGAAAGTAACAGNNGGG', 'GCCATAGGACTCGAGTGGAAAGTAACACNNGGG']","['TGTAAGGGAAAGGGCCCCNNCTGTTACT', 'TGTAAGGGAAAGGGCCCCNNGTGTTAC']","['AGTAACAGNNGGGGCCCTTTCCCTTACA', 'GTAACACNNGGGGCCCTTTCCCTTACA']"
488,483,C,C,"['AACNNCTACTTTCCACTCGAGTCCTATGGCTTC', 'AACNNGTACTTTCCACTCGAGTCCTATGGCTTC']","['GAAGCCATAGGACTCGAGTGGAAAGTAGNNGTT', 'GAAGCCATAGGACTCGAGTGGAAAGTACNNGTT']","['AAGGGAAAGGGCCCCAACNNCTACTTTC', 'AGGGAAAGGGCCCCAACNNGTACTTT']","['GAAAGTAGNNGTTGGGGCCCTTTCCCTT', 'AAAGTACNNGTTGGGGCCCTTTCCCT']"
489,484,Y,Y,"['TGTNNCTTTCCACTCGAGTCCTATGGCTTCAGG', 'TGTNNGTTTCCACTCGAGTCCTATGGCTTCAGG']","['CCTGAAGCCATAGGACTCGAGTGGAAAGNNACA', 'CCTGAAGCCATAGGACTCGAGTGGAAACNNACA']","['GGAAAGGGCCCCAACTGTNNCTTTCCA', 'GGAAAGGGCCCCAACTGTNNGTTTCCA']","['TGGAAAGNNACAGTTGGGGCCCTTTCC', 'TGGAAACNNACAGTTGGGGCCCTTTCC']"
490,485,F,F,"['TACNNCCCACTCGAGTCCTATGGCTTCAGGCCA', 'TACNNGCCACTCGAGTCCTATGGCTTCAGGCCA']","['TGGCCTGAAGCCATAGGACTCGAGTGGGNNGTA', 'TGGCCTGAAGCCATAGGACTCGAGTGGCNNGTA']","['GGGCCCCAACTGTTACNNCCCACT', 'GGGCCCCAACTGTTACNNGCCAC']","['AGTGGGNNGTAACAGTTGGGGCCC', 'GTGGCNNGTAACAGTTGGGGCCC']"
491,486,P,P,"['TTTNNCCTCGAGTCCTATGGCTTCAGGCCAACC', 'TTTNNGCTCGAGTCCTATGGCTTCAGGCCAACC']","['GGTTGGCCTGAAGCCATAGGACTCGAGGNNAAA', 'GGTTGGCCTGAAGCCATAGGACTCGAGCNNAAA']","['GGCCCCAACTGTTACTTTNNCCTCGAGT', 'GGCCCCAACTGTTACTTTNNGCTCGAG']","['ACTCGAGGNNAAAGTAACAGTTGGGGCC', 'CTCGAGCNNAAAGTAACAGTTGGGGCC']"
492,487,L,L,"['CCANNCGAGTCCTATGGCTTCAGGCCAACCTAC', 'CCANNGGAGTCCTATGGCTTCAGGCCAACCTAC']","['GTAGGTTGGCCTGAAGCCATAGGACTCGNNTGG', 'GTAGGTTGGCCTGAAGCCATAGGACTCCNNTGG']","['CCCCAACTGTTACTTTCCANNCGAGTCCT', 'GCCCCAACTGTTACTTTCCANNGGAGTCCTA']","['AGGACTCGNNTGGAAAGTAACAGTTGGGG', 'TAGGACTCCNNTGGAAAGTAACAGTTGGGGC']"
493,488,Q,Q,"['CTCNNCTCCTATGGCTTCAGGCCAACCTACGGA', 'CTCNNGTCCTATGGCTTCAGGCCAACCTACGGA']","['TCCGTAGGTTGGCCTGAAGCCATAGGAGNNGAG', 'TCCGTAGGTTGGCCTGAAGCCATAGGACNNGAG']","['CCAACTGTTACTTTCCACTCNNCTCCTATGGC', 'CCAACTGTTACTTTCCACTCNNGTCCTATGGC']","['GCCATAGGAGNNGAGTGGAAAGTAACAGTTGG', 'GCCATAGGACNNGAGTGGAAAGTAACAGTTGG']"
494,489,S,S,"['GAGNNCTATGGCTTCAGGCCAACCTACGGAGTG', 'GAGNNGTATGGCTTCAGGCCAACCTACGGAGTG']","['CACTCCGTAGGTTGGCCTGAAGCCATAGNNCTC', 'CACTCCGTAGGTTGGCCTGAAGCCATACNNCTC']","['ACTGTTACTTTCCACTCGAGNNCTATGGCTTC', 'ACTGTTACTTTCCACTCGAGNNGTATGGCTTC']","['GAAGCCATAGNNCTCGAGTGGAAAGTAACAGT', 'GAAGCCATACNNCTCGAGTGGAAAGTAACAGT']"
495,490,Y,Y,"['TCCNNCGGCTTCAGGCCAACCTACGGAGTGGGC', 'TCCNNGGGCTTCAGGCCAACCTACGGAGTGGGC']","['GCCCACTCCGTAGGTTGGCCTGAAGCCGNNGGA', 'GCCCACTCCGTAGGTTGGCCTGAAGCCCNNGGA']","['ACTTTCCACTCGAGTCCNNCGGCTTC', 'ACTTTCCACTCGAGTCCNNGGGCTTC']","['GAAGCCGNNGGACTCGAGTGGAAAGT', 'GAAGCCCNNGGACTCGAGTGGAAAGT']"
496,491,G,G,"['TATNNCTTCAGGCCAACCTACGGAGTGGGCCAC', 'TATNNGTTCAGGCCAACCTACGGAGTGGGCCAC']","['GTGGCCCACTCCGTAGGTTGGCCTGAAGNNATA', 'GTGGCCCACTCCGTAGGTTGGCCTGAACNNATA']","['CTTTCCACTCGAGTCCTATNNCTTCAGGCC', 'CTTTCCACTCGAGTCCTATNNGTTCAGGCC']","['GGCCTGAAGNNATAGGACTCGAGTGGAAAG', 'GGCCTGAACNNATAGGACTCGAGTGGAAAG']"
497,492,F,F,"['GGCNNCAGGCCAACCTACGGAGTGGGCCACCAA', 'GGCNNGAGGCCAACCTACGGAGTGGGCCACCAA']","['TTGGTGGCCCACTCCGTAGGTTGGCCTGNNGCC', 'TTGGTGGCCCACTCCGTAGGTTGGCCTCNNGCC']","['CACTCGAGTCCTATGGCNNCAGGCC', 'CACTCGAGTCCTATGGCNNGAGGCC']","['GGCCTGNNGCCATAGGACTCGAGTG', 'GGCCTCNNGCCATAGGACTCGAGTG']"
498,493,R,Q,"['TTCNNCCCAACCTACGGAGTGGGCCACCAACCA', 'TTCNNGCCAACCTACGGAGTGGGCCACCAACCA']","['TGGTTGGTGGCCCACTCCGTAGGTTGGGNNGAA', 'TGGTTGGTGGCCCACTCCGTAGGTTGGCNNGAA']","['CTCGAGTCCTATGGCTTCNNCCCAACC', 'TCGAGTCCTATGGCTTCNNGCCAACC']","['GGTTGGGNNGAAGCCATAGGACTCGAG', 'GGTTGGCNNGAAGCCATAGGACTCGA']"
499,494,P,P,"['AGGNNCACCTACGGAGTGGGCCACCAACCATAC', 'AGGNNGACCTACGGAGTGGGCCACCAACCATAC']","['GTATGGTTGGTGGCCCACTCCGTAGGTGNNCCT', 'GTATGGTTGGTGGCCCACTCCGTAGGTCNNCCT']","['GAGTCCTATGGCTTCAGGNNCACCTACG', 'CGAGTCCTATGGCTTCAGGNNGACCTACG']","['CGTAGGTGNNCCTGAAGCCATAGGACTC', 'CGTAGGTCNNCCTGAAGCCATAGGACTCG']"
500,495,T,T,"['CCANNCTACGGAGTGGGCCACCAACCATACAGG', 'CCANNGTACGGAGTGGGCCACCAACCATACAGG']","['CCTGTATGGTTGGTGGCCCACTCCGTAGNNTGG', 'CCTGTATGGTTGGTGGCCCACTCCGTACNNTGG']","['TCCTATGGCTTCAGGCCANNCTACGGA', 'TCCTATGGCTTCAGGCCANNGTACGGA']","['TCCGTAGNNTGGCCTGAAGCCATAGGA', 'TCCGTACNNTGGCCTGAAGCCATAGGA']"
501,496,Y,N,"['ACCNNCGGAGTGGGCCACCAACCATACAGGGTG', 'ACCNNGGGAGTGGGCCACCAACCATACAGGGTG']","['CACCCTGTATGGTTGGTGGCCCACTCCGNNGGT', 'CACCCTGTATGGTTGGTGGCCCACTCCCNNGGT']","['TGGCTTCAGGCCAACCNNCGGAG', 'TGGCTTCAGGCCAACCNNGGGAG']","['CTCCGNNGGTTGGCCTGAAGCCA', 'CTCCCNNGGTTGGCCTGAAGCCA']"
502,497,G,G,"['TACNNCGTGGGCCACCAACCATACAGGGTGGTG', 'TACNNGGTGGGCCACCAACCATACAGGGTGGTG']","['CACCACCCTGTATGGTTGGTGGCCCACGNNGTA', 'CACCACCCTGTATGGTTGGTGGCCCACCNNGTA']","['GCTTCAGGCCAACCTACNNCGTGGG', 'GCTTCAGGCCAACCTACNNGGTGGG']","['CCCACGNNGTAGGTTGGCCTGAAGC', 'CCCACCNNGTAGGTTGGCCTGAAGC']"
503,498,V,V,"['GGANNCGGCCACCAACCATACAGGGTGGTGGTG', 'GGANNGGGCCACCAACCATACAGGGTGGTGGTG']","['CACCACCACCCTGTATGGTTGGTGGCCGNNTCC', 'CACCACCACCCTGTATGGTTGGTGGCCCNNTCC']","['AGGCCAACCTACGGANNCGGCC', 'AGGCCAACCTACGGANNGGGCC']","['GGCCGNNTCCGTAGGTTGGCCT', 'GGCCCNNTCCGTAGGTTGGCCT']"
504,499,G,G,"['GTGNNCCACCAACCATACAGGGTGGTGGTGCTG', 'GTGNNGCACCAACCATACAGGGTGGTGGTGCTG']","['CAGCACCACCACCCTGTATGGTTGGTGGNNCAC', 'CAGCACCACCACCCTGTATGGTTGGTGCNNCAC']","['GCCAACCTACGGAGTGNNCCACCA', 'GCCAACCTACGGAGTGNNGCACCA']","['TGGTGGNNCACTCCGTAGGTTGGC', 'TGGTGCNNCACTCCGTAGGTTGGC']"
505,500,H,Y,"['GGCNNCCAACCATACAGGGTGGTGGTGCTGTCC', 'GGCNNGCAACCATACAGGGTGGTGGTGCTGTCC']","['GGACAGCACCACCACCCTGTATGGTTGGNNGCC', 'GGACAGCACCACCACCCTGTATGGTTGCNNGCC']","['AACCTACGGAGTGGGCNNCCAACC', 'AACCTACGGAGTGGGCNNGCAACC']","['GGTTGGNNGCCCACTCCGTAGGTT', 'GGTTGCNNGCCCACTCCGTAGGTT']"
506,501,Q,Q,"['CACNNCCCATACAGGGTGGTGGTGCTGTCCTTT', 'CACNNGCCATACAGGGTGGTGGTGCTGTCCTTT']","['AAAGGACAGCACCACCACCCTGTATGGGNNGTG', 'AAAGGACAGCACCACCACCCTGTATGGCNNGTG']","['CCTACGGAGTGGGCCACNNCCCATA', 'TACGGAGTGGGCCACNNGCCA']","['TATGGGNNGTGGCCCACTCCGTAGG', 'TGGCNNGTGGCCCACTCCGTA']"
507,502,P,P,"['CAANNCTACAGGGTGGTGGTGCTGTCCTTTGAA', 'CAANNGTACAGGGTGGTGGTGCTGTCCTTTGAA']","['TTCAAAGGACAGCACCACCACCCTGTAGNNTTG', 'TTCAAAGGACAGCACCACCACCCTGTACNNTTG']","['ACGGAGTGGGCCACCAANNCTACAG', 'ACGGAGTGGGCCACCAANNGTACAG']","['CTGTAGNNTTGGTGGCCCACTCCGT', 'CTGTACNNTTGGTGGCCCACTCCGT']"
508,503,Y,Y,"['CCANNCAGGGTGGTGGTGCTGTCCTTTGAACTG', 'CCANNGAGGGTGGTGGTGCTGTCCTTTGAACTG']","['CAGTTCAAAGGACAGCACCACCACCCTGNNTGG', 'CAGTTCAAAGGACAGCACCACCACCCTCNNTGG']","['AGTGGGCCACCAACCANNCAGGG', 'AGTGGGCCACCAACCANNGAGGG']","['CCCTGNNTGGTTGGTGGCCCACT', 'CCCTCNNTGGTTGGTGGCCCACT']"
509,504,R,R,"['TACNNCGTGGTGGTGCTGTCCTTTGAACTGCTC', 'TACNNGGTGGTGGTGCTGTCCTTTGAACTGCTC']","['GAGCAGTTCAAAGGACAGCACCACCACGNNGTA', 'GAGCAGTTCAAAGGACAGCACCACCACCNNGTA']","['GGGCCACCAACCATACNNCGTGGT', 'GGGCCACCAACCATACNNGGTGGT']","['ACCACGNNGTATGGTTGGTGGCCC', 'ACCACCNNGTATGGTTGGTGGCCC']"
510,505,V,V,"['AGGNNCGTGGTGCTGTCCTTTGAACTGCTCCAT', 'AGGNNGGTGGTGCTGTCCTTTGAACTGCTCCAT']","['ATGGAGCAGTTCAAAGGACAGCACCACGNNCCT', 'ATGGAGCAGTTCAAAGGACAGCACCACCNNCCT']","['GCCACCAACCATACAGGNNCGTGGT', 'GCCACCAACCATACAGGNNGGTGGT']","['ACCACGNNCCTGTATGGTTGGTGGC', 'ACCACCNNCCTGTATGGTTGGTGGC']"
511,506,V,V,"['GTGNNCGTGCTGTCCTTTGAACTGCTCCATGCC', 'GTGNNGGTGCTGTCCTTTGAACTGCTCCATGCC']","['GGCATGGAGCAGTTCAAAGGACAGCACGNNCAC', 'GGCATGGAGCAGTTCAAAGGACAGCACCNNCAC']","['ACCAACCATACAGGGTGNNCGTGCT', 'ACCAACCATACAGGGTGNNGGTGCTG']","['AGCACGNNCACCCTGTATGGTTGGT', 'CAGCACCNNCACCCTGTATGGTTGGT']"
512,507,V,V,"['GTGNNCCTGTCCTTTGAACTGCTCCATGCCCCT', 'GTGNNGCTGTCCTTTGAACTGCTCCATGCCCCT']","['AGGGGCATGGAGCAGTTCAAAGGACAGGNNCAC', 'AGGGGCATGGAGCAGTTCAAAGGACAGCNNCAC']","['AACCATACAGGGTGGTGNNCCTGTCC', 'AACCATACAGGGTGGTGNNGCTGTCC']","['GGACAGGNNCACCACCCTGTATGGTT', 'GGACAGCNNCACCACCCTGTATGGTT']"
513,508,L,L,"['GTGNNCTCCTTTGAACTGCTCCATGCCCCTGCC', 'GTGNNGTCCTTTGAACTGCTCCATGCCCCTGCC']","['GGCAGGGGCATGGAGCAGTTCAAAGGAGNNCAC', 'GGCAGGGGCATGGAGCAGTTCAAAGGACNNCAC']","['CCATACAGGGTGGTGGTGNNCTCCTTT', 'CCATACAGGGTGGTGGTGNNGTCCTTT']","['AAAGGAGNNCACCACCACCCTGTATGG', 'AAAGGACNNCACCACCACCCTGTATGG']"
514,509,S,S,"['CTGNNCTTTGAACTGCTCCATGCCCCTGCCACA', 'CTGNNGTTTGAACTGCTCCATGCCCCTGCCACA']","['TGTGGCAGGGGCATGGAGCAGTTCAAAGNNCAG', 'TGTGGCAGGGGCATGGAGCAGTTCAAACNNCAG']","['ACAGGGTGGTGGTGCTGNNCTTTGA', 'ACAGGGTGGTGGTGCTGNNGTTTGA']","['TCAAAGNNCAGCACCACCACCCTGT', 'TCAAACNNCAGCACCACCACCCTGT']"
515,510,F,F,"['TCCNNCGAACTGCTCCATGCCCCTGCCACAGTG', 'TCCNNGGAACTGCTCCATGCCCCTGCCACAGTG']","['CACTGTGGCAGGGGCATGGAGCAGTTCGNNGGA', 'CACTGTGGCAGGGGCATGGAGCAGTTCCNNGGA']","['GGTGGTGGTGCTGTCCNNCGAACT', 'GGTGGTGGTGCTGTCCNNGGAACT']","['AGTTCGNNGGACAGCACCACCACC', 'AGTTCCNNGGACAGCACCACCACC']"
516,511,E,E,"['TTTNNCCTGCTCCATGCCCCTGCCACAGTGTGT', 'TTTNNGCTGCTCCATGCCCCTGCCACAGTGTGT']","['ACACACTGTGGCAGGGGCATGGAGCAGGNNAAA', 'ACACACTGTGGCAGGGGCATGGAGCAGCNNAAA']","['TGGTGGTGCTGTCCTTTNNCCTGCT', 'TGGTGGTGCTGTCCTTTNNGCTGCT']","['AGCAGGNNAAAGGACAGCACCACCA', 'AGCAGCNNAAAGGACAGCACCACCA']"
517,512,L,L,"['GAANNCCTCCATGCCCCTGCCACAGTGTGTGGA', 'GAANNGCTCCATGCCCCTGCCACAGTGTGTGGA']","['TCCACACACTGTGGCAGGGGCATGGAGGNNTTC', 'TCCACACACTGTGGCAGGGGCATGGAGCNNTTC']","['GGTGGTGCTGTCCTTTGAANNCCTCCATG', 'GTGGTGCTGTCCTTTGAANNGCTCCATG']","['CATGGAGGNNTTCAAAGGACAGCACCACC', 'CATGGAGCNNTTCAAAGGACAGCACCAC']"
518,513,L,L,"['CTGNNCCATGCCCCTGCCACAGTGTGTGGACCA', 'CTGNNGCATGCCCCTGCCACAGTGTGTGGACCA']","['TGGTCCACACACTGTGGCAGGGGCATGGNNCAG', 'TGGTCCACACACTGTGGCAGGGGCATGCNNCAG']","['TGCTGTCCTTTGAACTGNNCCATGCC', 'TGCTGTCCTTTGAACTGNNGCATGCC']","['GGCATGGNNCAGTTCAAAGGACAGCA', 'GGCATGCNNCAGTTCAAAGGACAGCA']"
519,514,H,H,"['CTCNNCGCCCCTGCCACAGTGTGTGGACCAAAG', 'CTCNNGGCCCCTGCCACAGTGTGTGGACCAAAG']","['CTTTGGTCCACACACTGTGGCAGGGGCGNNGAG', 'CTTTGGTCCACACACTGTGGCAGGGGCCNNGAG']","['TGTCCTTTGAACTGCTCNNCGCCCC', 'TGTCCTTTGAACTGCTCNNGGCCCC']","['GGGGCGNNGAGCAGTTCAAAGGACA', 'GGGGCCNNGAGCAGTTCAAAGGACA']"
520,515,A,A,"['CATNNCCCTGCCACAGTGTGTGGACCAAAGAAG', 'CATNNGCCTGCCACAGTGTGTGGACCAAAGAAG']","['CTTCTTTGGTCCACACACTGTGGCAGGGNNATG', 'CTTCTTTGGTCCACACACTGTGGCAGGCNNATG']","['TCCTTTGAACTGCTCCATNNCCCTGCC', 'CCTTTGAACTGCTCCATNNGCCTGCC']","['GGCAGGGNNATGGAGCAGTTCAAAGGA', 'GGCAGGCNNATGGAGCAGTTCAAAGG']"
521,516,P,P,"['GCCNNCGCCACAGTGTGTGGACCAAAGAAGAGC', 'GCCNNGGCCACAGTGTGTGGACCAAAGAAGAGC']","['GCTCTTCTTTGGTCCACACACTGTGGCGNNGGC', 'GCTCTTCTTTGGTCCACACACTGTGGCCNNGGC']","['TGAACTGCTCCATGCCNNCGCCA', 'TGAACTGCTCCATGCCNNGGCCA']","['TGGCGNNGGCATGGAGCAGTTCA', 'TGGCCNNGGCATGGAGCAGTTCA']"
522,517,A,A,"['CCTNNCACAGTGTGTGGACCAAAGAAGAGCACC', 'CCTNNGACAGTGTGTGGACCAAAGAAGAGCACC']","['GGTGCTCTTCTTTGGTCCACACACTGTGNNAGG', 'GGTGCTCTTCTTTGGTCCACACACTGTCNNAGG']","['AACTGCTCCATGCCCCTNNCACAGT', 'AACTGCTCCATGCCCCTNNGACAGT']","['ACTGTGNNAGGGGCATGGAGCAGTT', 'ACTGTCNNAGGGGCATGGAGCAGTT']"
523,518,T,T,"['GCCNNCGTGTGTGGACCAAAGAAGAGCACCAAC', 'GCCNNGGTGTGTGGACCAAAGAAGAGCACCAAC']","['GTTGGTGCTCTTCTTTGGTCCACACACGNNGGC', 'GTTGGTGCTCTTCTTTGGTCCACACACCNNGGC']","['CTCCATGCCCCTGCCNNCGTGT', 'CTCCATGCCCCTGCCNNGGTGT']","['ACACGNNGGCAGGGGCATGGAG', 'ACACCNNGGCAGGGGCATGGAG']"
524,519,V,V,"['ACANNCTGTGGACCAAAGAAGAGCACCAACCTG', 'ACANNGTGTGGACCAAAGAAGAGCACCAACCTG']","['CAGGTTGGTGCTCTTCTTTGGTCCACAGNNTGT', 'CAGGTTGGTGCTCTTCTTTGGTCCACACNNTGT']","['CCATGCCCCTGCCACANNCTGTG', 'CCATGCCCCTGCCACANNGTGTG']","['CACAGNNTGTGGCAGGGGCATGG', 'CACACNNTGTGGCAGGGGCATGG']"
525,520,C,C,"['GTGNNCGGACCAAAGAAGAGCACCAACCTGGTG', 'GTGNNGGGACCAAAGAAGAGCACCAACCTGGTG']","['CACCAGGTTGGTGCTCTTCTTTGGTCCGNNCAC', 'CACCAGGTTGGTGCTCTTCTTTGGTCCCNNCAC']","['GCCCCTGCCACAGTGNNCGGA', 'GCCCCTGCCACAGTGNNGGGA']","['TCCGNNCACTGTGGCAGGGGC', 'TCCCNNCACTGTGGCAGGGGC']"
526,521,G,G,"['TGTNNCCCAAAGAAGAGCACCAACCTGGTGAAG', 'TGTNNGCCAAAGAAGAGCACCAACCTGGTGAAG']","['CTTCACCAGGTTGGTGCTCTTCTTTGGGNNACA', 'CTTCACCAGGTTGGTGCTCTTCTTTGGCNNACA']","['CCCCTGCCACAGTGTGTNNCCCAAA', 'CCCTGCCACAGTGTGTNNGCCAAA']","['TTTGGGNNACACACTGTGGCAGGGG', 'TTTGGCNNACACACTGTGGCAGGG']"
527,522,P,P,"['GGANNCAAGAAGAGCACCAACCTGGTGAAGAAC', 'GGANNGAAGAAGAGCACCAACCTGGTGAAGAAC']","['GTTCTTCACCAGGTTGGTGCTCTTCTTGNNTCC', 'GTTCTTCACCAGGTTGGTGCTCTTCTTCNNTCC']","['CCTGCCACAGTGTGTGGANNCAAGAAGA', 'CCTGCCACAGTGTGTGGANNGAAGAAGA']","['TCTTCTTGNNTCCACACACTGTGGCAGG', 'TCTTCTTCNNTCCACACACTGTGGCAGG']"
528,523,K,K,"['CCANNCAAGAGCACCAACCTGGTGAAGAACAAG', 'CCANNGAAGAGCACCAACCTGGTGAAGAACAAG']","['CTTGTTCTTCACCAGGTTGGTGCTCTTGNNTGG', 'CTTGTTCTTCACCAGGTTGGTGCTCTTCNNTGG']","['GCCACAGTGTGTGGACCANNCAAGAGC', 'GCCACAGTGTGTGGACCANNGAAGAGC']","['GCTCTTGNNTGGTCCACACACTGTGGC', 'GCTCTTCNNTGGTCCACACACTGTGGC']"
529,524,K,K,"['AAGNNCAGCACCAACCTGGTGAAGAACAAGTGT', 'AAGNNGAGCACCAACCTGGTGAAGAACAAGTGT']","['ACACTTGTTCTTCACCAGGTTGGTGCTGNNCTT', 'ACACTTGTTCTTCACCAGGTTGGTGCTCNNCTT']","['CAGTGTGTGGACCAAAGNNCAGCACC', 'ACAGTGTGTGGACCAAAGNNGAGCACC']","['GGTGCTGNNCTTTGGTCCACACACTG', 'GGTGCTCNNCTTTGGTCCACACACTGT']"
530,525,S,S,"['AAGNNCACCAACCTGGTGAAGAACAAGTGTGTG', 'AAGNNGACCAACCTGGTGAAGAACAAGTGTGTG']","['CACACACTTGTTCTTCACCAGGTTGGTGNNCTT', 'CACACACTTGTTCTTCACCAGGTTGGTCNNCTT']","['GTGTGTGGACCAAAGAAGNNCACCAACC', 'AGTGTGTGGACCAAAGAAGNNGACCAACC']","['GGTTGGTGNNCTTCTTTGGTCCACACAC', 'GGTTGGTCNNCTTCTTTGGTCCACACACT']"
531,526,T,T,"['AGCNNCAACCTGGTGAAGAACAAGTGTGTGAAC', 'AGCNNGAACCTGGTGAAGAACAAGTGTGTGAAC']","['GTTCACACACTTGTTCTTCACCAGGTTGNNGCT', 'GTTCACACACTTGTTCTTCACCAGGTTCNNGCT']","['TGTGGACCAAAGAAGAGCNNCAACCTGG', 'TGTGGACCAAAGAAGAGCNNGAACCTGG']","['CCAGGTTGNNGCTCTTCTTTGGTCCACA', 'CCAGGTTCNNGCTCTTCTTTGGTCCACA']"
547,542,T,T,"['CTGNNCGGCACAGGAGTGCTGACAAAGAGCAAC', 'CTGNNGGGCACAGGAGTGCTGACAAAGAGCAAC']","['GTTGCTCTTTGTCAGCACTCCTGTGCCGNNCAG', 'GTTGCTCTTTGTCAGCACTCCTGTGCCCNNCAG']","['TTCAACTTCAATGGACTGNNCGGCACAG', 'CTTCAACTTCAATGGACTGNNGGGCACAGG']","['CTGTGCCGNNCAGTCCATTGAAGTTGAA', 'CCTGTGCCCNNCAGTCCATTGAAGTTGAAG']"
554,549,K,E,"['ACANNCAGCAACAAGAAGTTCCTGCCATTCCAA', 'ACANNGAGCAACAAGAAGTTCCTGCCATTCCAA']","['TTGGAATGGCAGGAACTTCTTGTTGCTGNNTGT', 'TTGGAATGGCAGGAACTTCTTGTTGCTCNNTGT']","['GCACAGGAGTGCTGACANNCAGCAAC', 'GCACAGGAGTGCTGACANNGAGCAAC']","['GTTGCTGNNTGTCAGCACTCCTGTGC', 'GTTGCTCNNTGTCAGCACTCCTGTGC']"
570,565,V,A,"['ATTNNCGACACCACAGATGCTGTGAGGGACCCA', 'ATTNNGGACACCACAGATGCTGTGAGGGACCCA']","['TGGGTCCCTCACAGCATCTGTGGTGTCGNNAAT', 'TGGGTCCCTCACAGCATCTGTGGTGTCCNNAAT']","['CAGTTTGGCAGGGACATTNNCGACACC', 'CAGTTTGGCAGGGACATTNNGGACACC']","['GGTGTCGNNAATGTCCCTGCCAAACTG', 'GGTGTCCNNAATGTCCCTGCCAAACTG']"
572,567,T,T,"['GACNNCACAGATGCTGTGAGGGACCCACAGACC', 'GACNNGACAGATGCTGTGAGGGACCCACAGACC']","['GGTCTGTGGGTCCCTCACAGCATCTGTGNNGTC', 'GGTCTGTGGGTCCCTCACAGCATCTGTCNNGTC']","['GGCAGGGACATTGTGGACNNCACAGAT', 'GGCAGGGACATTGTGGACNNGACAGAT']","['ATCTGTGNNGTCCACAATGTCCCTGCC', 'ATCTGTCNNGTCCACAATGTCCCTGCC']"
573,568,T,T,"['ACCNNCGATGCTGTGAGGGACCCACAGACCTTG', 'ACCNNGGATGCTGTGAGGGACCCACAGACCTTG']","['CAAGGTCTGTGGGTCCCTCACAGCATCGNNGGT', 'CAAGGTCTGTGGGTCCCTCACAGCATCCNNGGT']","['GGGACATTGTGGACACCNNCGATGC', 'GGGACATTGTGGACACCNNGGATGC']","['GCATCGNNGGTGTCCACAATGTCCC', 'GCATCCNNGGTGTCCACAATGTCCC']"
614,609,G,D,"['CAGNNCGTGAACTGTACTGAGGTGAGCGTGGCT', 'CAGNNGGTGAACTGTACTGAGGTGAGCGTGGCT']","['AGCCACGCTCACCTCAGTACAGTTCACGNNCTG', 'AGCCACGCTCACCTCAGTACAGTTCACCNNCTG']","['TGGCTGTGCTCTACCAGNNCGTGAA', 'TGGCTGTGCTCTACCAGNNGGTGAAC']","['TTCACGNNCTGGTAGAGCACAGCCA', 'GTTCACCNNCTGGTAGAGCACAGCCA']"
621,616,S,P,"['GTGNNCGTGGCTATCCATGCTGACCAACTTACA', 'GTGNNGGTGGCTATCCATGCTGACCAACTTACA']","['TGTAAGTTGGTCAGCATGGATAGCCACGNNCAC', 'TGTAAGTTGGTCAGCATGGATAGCCACCNNCAC']","['TGAACTGTACTGAGGTGNNCGTGGCT', 'GTGAACTGTACTGAGGTGNNGGTGGCT']","['AGCCACGNNCACCTCAGTACAGTTCA', 'AGCCACCNNCACCTCAGTACAGTTCAC']"
655,650,Y,H,"['GAGNNCGTGAACAACTCCTATGAGTGTGACATC', 'GAGNNGGTGAACAACTCCTATGAGTGTGACATC']","['GATGTCACACTCATAGGAGTTGTTCACGNNCTC', 'GATGTCACACTCATAGGAGTTGTTCACCNNCTC']","['TGTCTGATTGGAGCAGAGNNCGTGAACA', 'CTGTCTGATTGGAGCAGAGNNGGTGAACA']","['TGTTCACGNNCTCTGCTCCAATCAGACA', 'TGTTCACCNNCTCTGCTCCAATCAGACAG']"
677,672,Q,Q,"['ACCNNCACCAAGAGCAGGAGGAGGGCAAGGTCT', 'ACCNNGACCAAGAGCAGGAGGAGGGCAAGGTCT']","['AGACCTTGCCCTCCTCCTGCTCTTGGTGNNGGT', 'AGACCTTGCCCTCCTCCTGCTCTTGGTCNNGGT']","['GTGCCTCCTACCAGACCNNCACCAAG', 'GTGCCTCCTACCAGACCNNGACCAAG']","['CTTGGTGNNGGTCTGGTAGGAGGCAC', 'CTTGGTCNNGGTCTGGTAGGAGGCAC']"
678,673,T,T,"['CAGNNCAAGAGCAGGAGGAGGGCAAGGTCTGTG', 'CAGNNGAAGAGCAGGAGGAGGGCAAGGTCTGTG']","['CACAGACCTTGCCCTCCTCCTGCTCTTGNNCTG', 'CACAGACCTTGCCCTCCTCCTGCTCTTCNNCTG']","['CCTCCTACCAGACCCAGNNCAAGAGC', 'GCCTCCTACCAGACCCAGNNGAAGAGC']","['GCTCTTGNNCTGGGTCTGGTAGGAGG', 'GCTCTTCNNCTGGGTCTGGTAGGAGGC']"
679,674,K,N,"['ACCNNCAGCAGGAGGAGGGCAAGGTCTGTGGCA', 'ACCNNGAGCAGGAGGAGGGCAAGGTCTGTGGCA']","['TGCCACAGACCTTGCCCTCCTCCTGCTGNNGGT', 'TGCCACAGACCTTGCCCTCCTCCTGCTCNNGGT']","['CCTACCAGACCCAGACCNNCAGCAGG', 'CCTACCAGACCCAGACCNNGAGCAG']","['CCTGCTGNNGGTCTGGGTCTGGTAGG', 'CTGCTCNNGGTCTGGGTCTGGTAGG']"
680,675,S,S,"['AAGNNCAGGAGGAGGGCAAGGTCTGTGGCAAGC', 'AAGNNGAGGAGGAGGGCAAGGTCTGTGGCAAGC']","['GCTTGCCACAGACCTTGCCCTCCTCCTGNNCTT', 'GCTTGCCACAGACCTTGCCCTCCTCCTCNNCTT']","['ACCAGACCCAGACCAAGNNCAGGAGG', 'ACCAGACCCAGACCAAGNNGAGGAGG']","['CCTCCTGNNCTTGGTCTGGGTCTGGT', 'CCTCCTCNNCTTGGTCTGGGTCTGGT']"
681,676,R,P,"['AGCNNCAGGAGGGCAAGGTCTGTGGCAAGCCAG', 'AGCNNGAGGAGGGCAAGGTCTGTGGCAAGCCAG']","['CTGGCTTGCCACAGACCTTGCCCTCCTGNNGCT', 'CTGGCTTGCCACAGACCTTGCCCTCCTCNNGCT']","['AGACCCAGACCAAGAGCNNCAGGAGG', 'AGACCCAGACCAAGAGCNNGAGGAGG']","['CCTCCTGNNGCTCTTGGTCTGGGTCT', 'CCTCCTCNNGCTCTTGGTCTGGGTCT']"
683,678,R,R,"['AGGNNCGCAAGGTCTGTGGCAAGCCAGAGCATC', 'AGGNNGGCAAGGTCTGTGGCAAGCCAGAGCATC']","['GATGCTCTGGCTTGCCACAGACCTTGCGNNCCT', 'GATGCTCTGGCTTGCCACAGACCTTGCCNNCCT']","['GACCAAGAGCAGGAGGNNCGCAAG', 'AGACCAAGAGCAGGAGGNNGGCAAG']","['CTTGCGNNCCTCCTGCTCTTGGTC', 'CTTGCCNNCCTCCTGCTCTTGGTCT']"
688,683,A,A,"['GTGNNCAGCCAGAGCATCATTGCCTACACAATG', 'GTGNNGAGCCAGAGCATCATTGCCTACACAATG']","['CATTGTGTAGGCAATGATGCTCTGGCTGNNCAC', 'CATTGTGTAGGCAATGATGCTCTGGCTCNNCAC']","['GAGGGCAAGGTCTGTGNNCAGCCA', 'GAGGGCAAGGTCTGTGNNGAGCCA']","['TGGCTGNNCACAGACCTTGCCCTC', 'TGGCTCNNCACAGACCTTGCCCTC']"
704,699,S,S,"['AACNNCGTGGCTTACAGCAACAACAGCATTGCC', 'AACNNGGTGGCTTACAGCAACAACAGCATTGCC']","['GGCAATGCTGTTGTTGCTGTAAGCCACGNNGTT', 'GGCAATGCTGTTGTTGCTGTAAGCCACCNNGTT']","['TCTGGGAGCAGAGAACNNCGTGGC', 'TCTGGGAGCAGAGAACNNGGTGGC']","['GCCACGNNGTTCTCTGCTCCCAGA', 'GCCACCNNGTTCTCTGCTCCCAGA']"
764,759,K,N,"['CTTNNCAGGGCTCTGACAGGCATTGCTGTGGAA', 'CTTNNGAGGGCTCTGACAGGCATTGCTGTGGAA']","['TTCCACAGCAATGCCTGTCAGAGCCCTGNNAAG', 'TTCCACAGCAATGCCTGTCAGAGCCCTCNNAAG']","['CTCCTTCTGTACCCAACTTNNCAGGGCTC', 'CTCCTTCTGTACCCAACTTNNGAGGGCTC']","['GAGCCCTGNNAAGTTGGGTACAGAAGGAG', 'GAGCCCTCNNAAGTTGGGTACAGAAGGAG']"
783,778,A,A,"['TTTNNCCAGGTGAAGCAGATTTACAAGACACCT', 'TTTNNGCAGGTGAAGCAGATTTACAAGACACCT']","['AGGTGTCTTGTAAATCTGCTTCACCTGGNNAAA', 'AGGTGTCTTGTAAATCTGCTTCACCTGCNNAAA']","['ACACCCAGGAGGTGTTTNNCCAGGTG', 'ACACCCAGGAGGTGTTTNNGCAGGT']","['CACCTGGNNAAACACCTCCTGGGTGT', 'ACCTGCNNAAACACCTCCTGGGTGT']"
796,791,Y,D,"['AAGNNCTTTGGAGGCTTCAACTTCAGCCAGATT', 'AAGNNGTTTGGAGGCTTCAACTTCAGCCAGATT']","['AATCTGGCTGAAGTTGAAGCCTCCAAAGNNCTT', 'AATCTGGCTGAAGTTGAAGCCTCCAAACNNCTT']","['ACAAGACACCTCCAATCAAGNNCTTTGGAGG', 'ACAAGACACCTCCAATCAAGNNGTTTGGAGG']","['CCTCCAAAGNNCTTGATTGGAGGTGTCTTGT', 'CCTCCAAACNNCTTGATTGGAGGTGTCTTGT']"
812,807,P,P,"['AAGNNCAGCAAGAGGTCCTTCATTGAGGACCTG', 'AAGNNGAGCAAGAGGTCCTTCATTGAGGACCTG']","['CAGGTCCTCAATGAAGGACCTCTTGCTGNNCTT', 'CAGGTCCTCAATGAAGGACCTCTTGCTCNNCTT']","['GCCTGACCCAAGCAAGNNCAGCA', 'TGCCTGACCCAAGCAAGNNGAGCAA']","['TGCTGNNCTTGCTTGGGTCAGGC', 'TTGCTCNNCTTGCTTGGGTCAGGCA']"
845,840,A,A,"['ATTNNCGCCAGGGACCTGATTTGTGCCCAGAAG', 'ATTNNGGCCAGGGACCTGATTTGTGCCCAGAAG']","['CTTCTGGGCACAAATCAGGTCCCTGGCGNNAAT', 'CTTCTGGGCACAAATCAGGTCCCTGGCCNNAAT']","['ACTGTCTGGGAGACATTNNCGCCAGG', 'ACTGTCTGGGAGACATTNNGGCCAGG']","['CCTGGCGNNAATGTCTCCCAGACAGT', 'CCTGGCCNNAATGTCTCCCAGACAGT']"
852,847,A,A,"['TGTNNCCAGAAGTTCAATGGACTGACAGTGCTG', 'TGTNNGCAGAAGTTCAATGGACTGACAGTGCTG']","['CAGCACTGTCAGTCCATTGAACTTCTGGNNACA', 'CAGCACTGTCAGTCCATTGAACTTCTGCNNACA']","['GCCAGGGACCTGATTTGTNNCCAGAAGT', 'GCCAGGGACCTGATTTGTNNGCAGAAG']","['ACTTCTGGNNACAAATCAGGTCCCTGGC', 'CTTCTGCNNACAAATCAGGTCCCTGGC']"
936,931,D,D,"['CAGNNCTCCCTGTTCAGCACAGCCTCTGCCCTG', 'CAGNNGTCCCTGTTCAGCACAGCCTCTGCCCTG']","['CAGGGCAGAGGCTGTGCTGAACAGGGAGNNCTG', 'CAGGGCAGAGGCTGTGCTGAACAGGGACNNCTG']","['GCCATTGGCAAGATTCAGNNCTCCCTG', 'GCCATTGGCAAGATTCAGNNGTCCCTG']","['CAGGGAGNNCTGAATCTTGCCAATGGC', 'CAGGGACNNCTGAATCTTGCCAATGGC']"
939,934,F,S,"['CTGNNCAGCACAGCCTCTGCCCTGGGCAAACTC', 'CTGNNGAGCACAGCCTCTGCCCTGGGCAAACTC']","['GAGTTTGCCCAGGGCAGAGGCTGTGCTGNNCAG', 'GAGTTTGCCCAGGGCAGAGGCTGTGCTCNNCAG']","['AAGATTCAGGACTCCCTGNNCAGCACAG', 'CAAGATTCAGGACTCCCTGNNGAGCACAG']","['CTGTGCTGNNCAGGGAGTCCTGAATCTT', 'CTGTGCTCNNCAGGGAGTCCTGAATCTTG']"
940,935,S,S,"['TTCNNCACAGCCTCTGCCCTGGGCAAACTCCAA', 'TTCNNGACAGCCTCTGCCCTGGGCAAACTCCAA']","['TTGGAGTTTGCCCAGGGCAGAGGCTGTGNNGAA', 'TTGGAGTTTGCCCAGGGCAGAGGCTGTCNNGAA']","['TTCAGGACTCCCTGTTCNNCACAGCC', 'TTCAGGACTCCCTGTTCNNGACAGCC']","['GGCTGTGNNGAACAGGGAGTCCTGAA', 'GGCTGTCNNGAACAGGGAGTCCTGAA']"
942,937,A,A,"['ACANNCTCTGCCCTGGGCAAACTCCAAGATGTG', 'ACANNGTCTGCCCTGGGCAAACTCCAAGATGTG']","['CACATCTTGGAGTTTGCCCAGGGCAGAGNNTGT', 'CACATCTTGGAGTTTGCCCAGGGCAGACNNTGT']","['ACTCCCTGTTCAGCACANNCTCTGCC', 'ACTCCCTGTTCAGCACANNGTCTGCC']","['GGCAGAGNNTGTGCTGAACAGGGAGT', 'GGCAGACNNTGTGCTGAACAGGGAGT']"
954,949,H,Q,"['AACNNCAATGCCCAGGCTCTGAACACCCTGGTG', 'AACNNGAATGCCCAGGCTCTGAACACCCTGGTG']","['CACCAGGGTGTTCAGAGCCTGGGCATTGNNGTT', 'CACCAGGGTGTTCAGAGCCTGGGCATTCNNGTT']","['CTCCAAGATGTGGTGAACNNCAATGCCC', 'CTCCAAGATGTGGTGAACNNGAATGCCC']","['GGGCATTGNNGTTCACCACATCTTGGAG', 'GGGCATTCNNGTTCACCACATCTTGGAG']"
969,964,K,N,"['AGCNNCTTTGGAGCCATCTCCTCTGTGCTGAAT', 'AGCNNGTTTGGAGCCATCTCCTCTGTGCTGAAT']","['ATTCAGCACAGAGGAGATGGCTCCAAAGNNGCT', 'ATTCAGCACAGAGGAGATGGCTCCAAACNNGCT']","['GGTGAAGCAACTTTCCAGCNNCTTTGGAG', 'GGTGAAGCAACTTTCCAGCNNGTTTGGAG']","['CTCCAAAGNNGCTGGAAAGTTGCTTCACC', 'CTCCAAACNNGCTGGAAAGTTGCTTCACC']"
1020,1015,A,A,"['AGGNNCTCTGCCAACCTGGCTGCCACCAAGATG', 'AGGNNGTCTGCCAACCTGGCTGCCACCAAGATG']","['CATCTTGGTGGCAGCCAGGTTGGCAGAGNNCCT', 'CATCTTGGTGGCAGCCAGGTTGGCAGACNNCCT']","['GGGCTGCTGAGATTAGGNNCTCTGCC', 'GGGCTGCTGAGATTAGGNNGTCTGCC']","['GGCAGAGNNCCTAATCTCAGCAGCCC', 'GGCAGACNNCCTAATCTCAGCAGCCC']"
1086,1081,K,K,"['GGCNNCGCTCACTTTCCAAGGGAGGGAGTGTTT', 'GGCNNGGCTCACTTTCCAAGGGAGGGAGTGTTT']","['AAACACTCCCTCCCTTGGAAAGTGAGCGNNGCC', 'AAACACTCCCTCCCTTGGAAAGTGAGCCNNGCC']","['CCATCTGCCATGATGGCNNCGCTCA', 'CCATCTGCCATGATGGCNNGGCTCA']","['TGAGCGNNGCCATCATGGCAGATGG', 'TGAGCCNNGCCATCATGGCAGATGG']"
1087,1082,A,A,"['AAGNNCCACTTTCCAAGGGAGGGAGTGTTTGTG', 'AAGNNGCACTTTCCAAGGGAGGGAGTGTTTGTG']","['CACAAACACTCCCTCCCTTGGAAAGTGGNNCTT', 'CACAAACACTCCCTCCCTTGGAAAGTGCNNCTT']","['ATCTGCCATGATGGCAAGNNCCACTTTC', 'ATCTGCCATGATGGCAAGNNGCACTTTC']","['GAAAGTGGNNCTTGCCATCATGGCAGAT', 'GAAAGTGCNNCTTGCCATCATGGCAGAT']"
1101,1096,H,H,"['ACCNNCTGGTTTCTGACCCAGAGGAACTTCTAT', 'ACCNNGTGGTTTCTGACCCAGAGGAACTTCTAT']","['ATAGAAGTTCCTCTGGGTCAGAAACCAGNNGGT', 'ATAGAAGTTCCTCTGGGTCAGAAACCACNNGGT']","['TTTGTGAGCAATGGCACCNNCTGGTTTC', 'TTGTGAGCAATGGCACCNNGTGGTTT']","['GAAACCAGNNGGTGCCATTGCTCACAAA', 'AAACCACNNGGTGCCATTGCTCACAA']"
1143,1138,L,P,"['CAANNCGAACTGGACTCCTTCAAGGAGGAACTG', 'CAANNGGAACTGGACTCCTTCAAGGAGGAACTG']","['CAGTTCCTCCTTGAAGGAGTCCAGTTCGNNTTG', 'CAGTTCCTCCTTGAAGGAGTCCAGTTCCNNTTG']","['AGTCTATGACCCACTCCAANNCGAACTGGA', 'AGTCTATGACCCACTCCAANNGGAACTGGA']","['TCCAGTTCGNNTTGGAGTGGGTCATAGACT', 'TCCAGTTCCNNTTGGAGTGGGTCATAGACT']"
1162,1157,P,P,"['AGCNNCGATGTGGACCTGGGAGACATCTCTGGC', 'AGCNNGGATGTGGACCTGGGAGACATCTCTGGC']","['GCCAGAGATGTCTCCCAGGTCCACATCGNNGCT', 'GCCAGAGATGTCTCCCAGGTCCACATCCNNGCT']","['TTCAAGAACCACACCAGCNNCGATGTGG', 'TTCAAGAACCACACCAGCNNGGATGTGG']","['CCACATCGNNGCTGGTGTGGTTCTTGAA', 'CCACATCCNNGCTGGTGTGGTTCTTGAA']"
1219,1214,G,G,"['CTGNNCTTCATTGCTGGACTGATTGCCATTGTG', 'CTGNNGTTCATTGCTGGACTGATTGCCATTGTG']","['CACAATGGCAATCAGTCCAGCAATGAAGNNCAG', 'CACAATGGCAATCAGTCCAGCAATGAACNNCAG']","['GCCATGGTACATCTGGCTGNNCTTCATTG', 'GCCATGGTACATCTGGCTGNNGTTCATTG']","['CAATGAAGNNCAGCCAGATGTACCATGGC', 'CAATGAACNNCAGCCAGATGTACCATGGC']"
1224,1219,L,L,"['GGANNCATTGCCATTGTGATGGTGACCATAATG', 'GGANNGATTGCCATTGTGATGGTGACCATAATGC']","['CATTATGGTCACCATCACAATGGCAATGNNTCC', 'GCATTATGGTCACCATCACAATGGCAATCNNTCC']","['TGGGCTTCATTGCTGGANNCATTGCC', 'CTGGGCTTCATTGCTGGANNGATTGCC']","['GGCAATGNNTCCAGCAATGAAGCCCA', 'GGCAATCNNTCCAGCAATGAAGCCCAG']"
1229,1224,M,M,"['GTGNNCGTGACCATAATGCTGTGTTGTATGACC', 'GTGNNGGTGACCATAATGCTGTGTTGTATGACC']","['GGTCATACAACACAGCATTATGGTCACGNNCAC', 'GGTCATACAACACAGCATTATGGTCACCNNCAC']","['GGACTGATTGCCATTGTGNNCGTGACC', 'GGACTGATTGCCATTGTGNNGGTGACC']","['GGTCACGNNCACAATGGCAATCAGTCC', 'GGTCACCNNCACAATGGCAATCAGTCC']"
16a,17,M,-,"['GTGNNCCCCCTGTTCAACCTGATCACCACCACC', 'GTGNNGCCCCTGTTCAACCTGATCACCACCACC']","['GGTGGTGGTGATCAGGTTGAACAGGGGGNNCAC', 'GGTGGTGGTGATCAGGTTGAACAGGGGCNNCAC']","['TCCAGCCAGTGTGTGNNCCCCC', 'TCCAGCCAGTGTGTGNNGCCCC']","['GGGGGNNCACACACTGGCTGGA', 'GGGGCNNCACACACTGGCTGGA']"
16b,18,P,-,"['ATGNNCCTGTTCAACCTGATCACCACCACCCAA', 'ATGNNGCTGTTCAACCTGATCACCACCACCCAA']","['TTGGGTGGTGGTGATCAGGTTGAACAGGNNCAT', 'TTGGGTGGTGGTGATCAGGTTGAACAGCNNCAT']","['CCAGCCAGTGTGTGATGNNCCTGTTC', 'CCAGCCAGTGTGTGATGNNGCTGTTC']","['GAACAGGNNCATCACACACTGGCTGG', 'GAACAGCNNCATCACACACTGGCTGG']"
16c,19,L,-,"['CCCNNCTTCAACCTGATCACCACCACCCAAAGC', 'CCCNNGTTCAACCTGATCACCACCACCCAAAGC']","['GCTTTGGGTGGTGGTGATCAGGTTGAAGNNGGG', 'GCTTTGGGTGGTGGTGATCAGGTTGAACNNGGG']","['GCCAGTGTGTGATGCCCNNCTTCAAC', 'GCCAGTGTGTGATGCCCNNGTTCAA']","['GTTGAAGNNGGGCATCACACACTGGC', 'TTGAACNNGGGCATCACACACTGGC']"
16d,20,F,-,"['CTGNNCAACCTGATCACCACCACCCAAAGCTAC', 'CTGNNGAACCTGATCACCACCACCCAAAGCTAC']","['GTAGCTTTGGGTGGTGGTGATCAGGTTGNNCAG', 'GTAGCTTTGGGTGGTGGTGATCAGGTTCNNCAG']","['AGTGTGTGATGCCCCTGNNCAACCT', 'AGTGTGTGATGCCCCTGNNGAACCTG']","['AGGTTGNNCAGGGGCATCACACACT', 'CAGGTTCNNCAGGGGCATCACACACT']"
