reference_site,sequential_site,wildtype_aa,reference_aa,mutant_aa,mutation_type
16a,17,M,-,-,saturated site
16a,17,M,-,A,saturated site
16a,17,M,-,C,saturated site
16a,17,M,-,D,saturated site
16a,17,M,-,E,saturated site
16a,17,M,-,F,saturated site
16a,17,M,-,G,saturated site
16a,17,M,-,H,saturated site
16a,17,M,-,I,saturated site
16a,17,M,-,K,saturated site
16a,17,M,-,L,saturated site
16a,17,M,-,N,saturated site
16a,17,M,-,P,saturated site
16a,17,M,-,Q,saturated site
16a,17,M,-,R,saturated site
16a,17,M,-,S,saturated site
16a,17,M,-,T,saturated site
16a,17,M,-,V,saturated site
16a,17,M,-,W,saturated site
16a,17,M,-,Y,saturated site
16b,18,P,-,-,saturated site
16b,18,P,-,A,saturated site
16b,18,P,-,C,saturated site
16b,18,P,-,D,saturated site
16b,18,P,-,E,saturated site
16b,18,P,-,F,saturated site
16b,18,P,-,G,saturated site
16b,18,P,-,H,saturated site
16b,18,P,-,I,saturated site
16b,18,P,-,K,saturated site
16b,18,P,-,L,saturated site
16b,18,P,-,M,saturated site
16b,18,P,-,N,saturated site
16b,18,P,-,Q,saturated site
16b,18,P,-,R,saturated site
16b,18,P,-,S,saturated site
16b,18,P,-,T,saturated site
16b,18,P,-,V,saturated site
16b,18,P,-,W,saturated site
16b,18,P,-,Y,saturated site
16c,19,L,-,-,saturated site
16c,19,L,-,A,saturated site
16c,19,L,-,C,saturated site
16c,19,L,-,D,saturated site
16c,19,L,-,E,saturated site
16c,19,L,-,F,saturated site
16c,19,L,-,G,saturated site
16c,19,L,-,H,saturated site
16c,19,L,-,I,saturated site
16c,19,L,-,K,saturated site
16c,19,L,-,M,saturated site
16c,19,L,-,N,saturated site
16c,19,L,-,P,saturated site
16c,19,L,-,Q,saturated site
16c,19,L,-,R,saturated site
16c,19,L,-,S,saturated site
16c,19,L,-,T,saturated site
16c,19,L,-,V,saturated site
16c,19,L,-,W,saturated site
16c,19,L,-,Y,saturated site
16d,20,F,-,-,saturated site
16d,20,F,-,A,saturated site
16d,20,F,-,C,saturated site
16d,20,F,-,D,saturated site
16d,20,F,-,E,saturated site
16d,20,F,-,G,saturated site
16d,20,F,-,H,saturated site
16d,20,F,-,I,saturated site
16d,20,F,-,K,saturated site
16d,20,F,-,L,saturated site
16d,20,F,-,M,saturated site
16d,20,F,-,N,saturated site
16d,20,F,-,P,saturated site
16d,20,F,-,Q,saturated site
16d,20,F,-,R,saturated site
16d,20,F,-,S,saturated site
16d,20,F,-,T,saturated site
16d,20,F,-,V,saturated site
16d,20,F,-,W,saturated site
16d,20,F,-,Y,saturated site